Employee_ID,Age,Years_Experience,WFH_Days_Per_Week,Gender,Education_Level,Marital_Status,Has_Children,Location_Type,Department,Job_Level,Company_Size,Industry,Home_Office_Quality,Internet_Speed_Category,Work_Hours_Per_Week,Manager_Support_Level,Team_Collaboration_Frequency,Task_Completion_Rate,Quality_Score,Innovation_Score,Efficiency_Rating,Meetings_Per_Week,Commute_Time_Minutes,Job_Satisfaction,Stress_Level,Work_Life_Balance,Survey_Date,Response_Quality,Productivity_Score
EMP0001,39,10,2,Female,Associate Degree,Married,Yes,Urban,Product,Mid-Level,Large (1001-5000),Finance,Good,Very Fast (100+ Mbps),41,Low,Few times per week,56.6,58.1,52.1,72.1,4,48,55.9,6,8,05-04-24,Medium,52.2
EMP0002,33,4,5,Female,Master Degree,Married,No,Urban,Customer Success,Senior,Startup (1-50),Education,Good,Very Fast (100+ Mbps),52,Moderate,Monthly,70.8,93.3,77.9,89.5,12,0,96.1,3,8,29-01-24,High,81.5
EMP0003,40,3,3,Male,PhD,Single,Yes,Rural,Operations,Mid-Level,Medium (201-1000),Technology,Excellent,Fast (50-100 Mbps),43,Moderate,Few times per week,81.9,84.7,63.2,95,15,24,90.4,5,6,18-01-24,High,82.2
EMP0004,48,14,3,Male,Bachelor Degree,Married,Yes,Urban,Finance,Manager,Medium (201-1000),Technology,Excellent,Very Fast (100+ Mbps),45,High,Daily,70.2,67.8,82.5,95,8,8,100,10,5,18-04-24,High,75.6
EMP0005,32,6,5,Male,High School,Divorced,Yes,Rural,Engineering,Senior,Small (51-200),Technology,Average,Moderate (25-50 Mbps),42,Very Low,Few times per week,98.2,86.4,67.5,95,10,0,100,3,4,19-02-24,High,98
EMP0006,32,7,4,Male,Bachelor Degree,In Relationship,No,Urban,HR,Mid-Level,Medium (201-1000),Technology,Good,Very Fast (100+ Mbps),43,Very High,Few times per week,59.8,60.6,44.2,72.5,7,49,100,7,5,15-02-24,Medium,62
EMP0007,49,1,2,Female,High School,In Relationship,No,Suburban,Marketing,Junior,Enterprise (5000+),Education,Average,Moderate (25-50 Mbps),38,Moderate,Few times per week,75,65.8,79.4,90,10,12,100,8,3,12-02-24,Medium,66.2
EMP0008,41,11,0,Female,Bachelor Degree,Married,No,Suburban,Sales,Manager,Large (1001-5000),Media,Excellent,Very Fast (100+ Mbps),45,Moderate,Weekly,75,86.3,75.2,94.8,7,13,100,4,5,01-02-24,High,77.2
EMP0009,30,4,4,Non-binary,Master Degree,Single,No,Urban,Engineering,Senior,Startup (1-50),Technology,Average,Very Fast (100+ Mbps),47,Moderate,Weekly,69,89.1,76.1,93,3,25,92.4,8,7,18-04-24,Medium,73.8
EMP0010,39,9,4,Female,PhD,Divorced,Yes,Urban,Engineering,Senior,Large (1001-5000),Media,Good,Slow (<25 Mbps),32,High,Daily,77,83.6,80.2,87.4,6,31,100,4,4,28-01-24,High,72.4
EMP0011,30,1,4,Female,Associate Degree,Married,Yes,Rural,Engineering,Junior,Enterprise (5000+),Finance,Good,Very Fast (100+ Mbps),32,High,Weekly,88.7,67.6,68.7,95,13,14,100,2,5,10-04-24,High,81.1
EMP0012,30,1,5,Male,Bachelor Degree,Married,No,Suburban,Engineering,Junior,Small (51-200),Finance,Good,Very Fast (100+ Mbps),31,Moderate,Few times per week,96.4,95.5,81.9,95,8,0,100,6,7,18-04-24,Medium,98
EMP0013,37,4,5,Male,Bachelor Degree,Married,No,Urban,Engineering,Junior,Small (51-200),Finance,Good,Very Fast (100+ Mbps),50,High,Few times per week,86.2,84.4,79.2,95,11,0,100,7,5,08-05-24,High,83.7
EMP0014,22,1,3,Male,Associate Degree,Divorced,Yes,Urban,HR,Junior,Startup (1-50),Finance,Good,Moderate (25-50 Mbps),36,Moderate,Weekly,84.4,70.1,75.7,91.2,11,17,100,4,6,24-03-24,High,76.7
EMP0015,22,1,0,Female,Bachelor Degree,Married,No,Rural,Engineering,Junior,Small (51-200),Technology,Excellent,Fast (50-100 Mbps),44,High,Few times per week,54.3,74.9,59.9,84.4,7,29,100,3,6,26-01-24,Medium,64.4
EMP0016,29,1,3,Male,Bachelor Degree,Single,No,Suburban,Sales,Junior,Large (1001-5000),Retail,Average,Moderate (25-50 Mbps),52,High,Few times per week,72.9,89.9,78.4,95,6,25,100,6,8,30-03-24,High,84.7
EMP0017,25,0,4,Female,Associate Degree,Married,Yes,Suburban,Customer Success,Junior,Small (51-200),Manufacturing,Excellent,Fast (50-100 Mbps),43,Very High,Few times per week,91.4,90.1,83.6,95,5,34,100,3,8,09-03-24,Medium,98
EMP0018,37,3,4,Female,Bachelor Degree,Single,Yes,Urban,Engineering,Senior,Startup (1-50),Consulting,Good,Very Fast (100+ Mbps),45,Very High,Weekly,69.5,78.6,77.7,95,12,13,100,4,4,19-01-24,High,80.3
EMP0019,26,2,3,Male,Associate Degree,In Relationship,No,Suburban,Customer Success,Junior,Small (51-200),Finance,Good,Very Fast (100+ Mbps),36,Moderate,Daily,87.6,93.1,79.7,92.7,5,18,85.3,7,6,18-01-24,High,76.3
EMP0020,22,0,3,Male,Bachelor Degree,Married,Yes,Urban,Operations,Junior,Medium (201-1000),Manufacturing,Good,Very Fast (100+ Mbps),43,High,Few times per week,82.4,80.5,78.5,95,5,30,100,6,7,26-01-24,High,85.9
EMP0021,48,17,2,Female,Bachelor Degree,Married,Yes,Urban,Sales,Lead,Medium (201-1000),Education,Average,Fast (50-100 Mbps),36,Moderate,Few times per week,82.2,80.7,59.3,92.4,7,58,99.2,9,6,11-02-24,Medium,73.1
EMP0022,32,1,2,Male,Master Degree,Divorced,No,Suburban,Engineering,Junior,Large (1001-5000),Government,Poor,Fast (50-100 Mbps),30,High,Daily,59.7,71.4,62.4,75.3,11,53,100,5,3,13-02-24,High,57.9
EMP0023,35,1,3,Female,Master Degree,Married,No,Urban,Engineering,Junior,Startup (1-50),Finance,Excellent,Very Fast (100+ Mbps),42,Very High,Weekly,94.4,85.8,73,95,8,30,100,4,6,19-03-24,High,98
EMP0024,22,0,1,Female,Master Degree,Married,No,Suburban,Sales,Junior,Medium (201-1000),Non-profit,Good,Very Fast (100+ Mbps),43,High,Few times per week,95.3,95.9,87.3,95,3,0,100,7,5,01-04-24,High,98
EMP0025,30,5,2,Female,Bachelor Degree,Married,Yes,Rural,Engineering,Mid-Level,Small (51-200),Retail,Average,Very Fast (100+ Mbps),38,High,Daily,60.5,73.3,83.7,95,4,17,100,9,6,18-01-24,Medium,79.8
EMP0026,35,0,2,Female,Bachelor Degree,Married,No,Suburban,Engineering,Junior,Enterprise (5000+),Manufacturing,Good,Very Fast (100+ Mbps),37,Moderate,Few times per week,68.2,71.6,75.8,95,8,19,100,6,6,26-03-24,High,83.3
EMP0027,24,0,3,Female,Bachelor Degree,Divorced,No,Urban,Engineering,Mid-Level,Small (51-200),Technology,Good,Very Fast (100+ Mbps),40,Very Low,Daily,100,100,91.3,95,8,40,100,5,7,09-02-24,Medium,98
EMP0028,38,2,0,Non-binary,High School,Married,Yes,Urban,Operations,Junior,Startup (1-50),Healthcare,Poor,Very Fast (100+ Mbps),37,Low,Weekly,69.7,62.1,48.8,71.5,16,13,68.8,8,6,15-04-24,High,55
EMP0029,29,3,4,Male,Master Degree,In Relationship,Yes,Urban,Engineering,Mid-Level,Startup (1-50),Healthcare,Good,Very Fast (100+ Mbps),46,Moderate,Few times per week,89.2,81.4,67.3,95,9,1,95.4,6,5,07-04-24,Medium,83.1
EMP0030,32,1,3,Female,Bachelor Degree,Single,No,Urban,HR,Junior,Small (51-200),Technology,Excellent,Moderate (25-50 Mbps),44,Moderate,Daily,84.2,99.4,76.9,95,6,30,89.6,4,7,13-04-24,High,98
EMP0031,29,3,4,Male,Bachelor Degree,Single,No,Suburban,Engineering,Mid-Level,Small (51-200),Finance,Average,Very Fast (100+ Mbps),51,Low,Monthly,84.9,88.9,76.4,95,6,32,91.5,9,8,24-03-24,High,90.3
EMP0032,51,21,4,Male,Bachelor Degree,Single,No,Urban,Customer Success,Manager,Medium (201-1000),Government,Poor,Moderate (25-50 Mbps),39,Moderate,Daily,96.7,95.9,72.2,95,8,13,90.7,5,3,08-03-24,High,86.8
EMP0033,34,8,2,Male,Bachelor Degree,Married,Yes,Urban,Engineering,Mid-Level,Large (1001-5000),Finance,Average,Very Fast (100+ Mbps),42,Moderate,Few times per week,80.8,85.2,72.1,95,2,26,100,8,5,12-02-24,Medium,89.4
EMP0034,25,0,3,Female,Professional Degree,Single,No,Urban,Finance,Junior,Small (51-200),Technology,Good,Fast (50-100 Mbps),43,Moderate,Weekly,71.4,75.5,69.8,86.2,4,48,100,6,5,12-03-24,High,74.7
EMP0035,42,13,5,Male,Bachelor Degree,Single,No,Urban,Sales,Lead,Medium (201-1000),Healthcare,Poor,Very Fast (100+ Mbps),39,Moderate,Few times per week,63.4,87,64.4,95,7,0,100,6,5,30-03-24,High,77.2
EMP0036,24,0,4,Male,Master Degree,Married,No,Suburban,Operations,Junior,Large (1001-5000),Technology,Poor,Fast (50-100 Mbps),30,Moderate,Monthly,52.4,69.3,53.6,84.2,7,4,50.3,5,9,19-02-24,Medium,56.3
EMP0037,36,4,5,Non-binary,Bachelor Degree,Married,No,Suburban,Engineering,Senior,Medium (201-1000),Healthcare,Poor,Very Fast (100+ Mbps),44,Moderate,Weekly,88,83.8,64.5,95,7,0,99.8,3,4,27-04-24,High,90
EMP0038,22,1,4,Female,Professional Degree,Married,Yes,Suburban,Marketing,Junior,Startup (1-50),Education,Good,Very Fast (100+ Mbps),56,Moderate,Bi-weekly,62.5,50,55.9,69.9,6,9,100,4,9,05-05-24,High,50.2
EMP0039,23,0,1,Female,Bachelor Degree,Married,No,Suburban,Engineering,Junior,Small (51-200),Finance,Average,Moderate (25-50 Mbps),47,Moderate,Few times per week,100,97.9,66.8,95,6,47,100,5,6,15-01-24,High,94
EMP0040,36,2,0,Female,Master Degree,Married,Yes,Suburban,Marketing,Junior,Large (1001-5000),Manufacturing,Average,Fast (50-100 Mbps),53,High,Few times per week,94.2,100,90.3,95,8,37,100,5,7,21-04-24,High,98
EMP0041,41,7,3,Non-binary,Associate Degree,Married,Yes,Suburban,Engineering,Senior,Large (1001-5000),Technology,Excellent,Very Fast (100+ Mbps),47,Moderate,Weekly,92.4,87.4,78,95,6,23,100,3,6,27-04-24,Medium,98
EMP0042,36,3,2,Female,Master Degree,Divorced,No,Urban,Marketing,Mid-Level,Startup (1-50),Consulting,Good,Very Fast (100+ Mbps),41,Very High,Bi-weekly,89.8,93.3,95,95,5,4,100,6,7,04-02-24,High,98
EMP0043,33,0,2,Male,Bachelor Degree,Married,No,Suburban,Engineering,Junior,Small (51-200),Government,Average,Very Fast (100+ Mbps),45,Low,Bi-weekly,67.5,78.6,63.5,95,3,15,73.1,6,7,13-04-24,Medium,65.4
EMP0044,32,3,4,Female,Bachelor Degree,Married,Yes,Urban,Engineering,Senior,Large (1001-5000),Technology,Average,Fast (50-100 Mbps),48,High,Bi-weekly,82.5,83.3,83.1,95,3,20,100,3,6,09-03-24,Medium,78
EMP0045,22,1,2,Female,Master Degree,Married,No,Urban,Operations,Junior,Medium (201-1000),Consulting,Average,Fast (50-100 Mbps),32,High,Weekly,74,79.8,75.9,94.3,2,72,100,6,5,27-02-24,High,73.4
EMP0046,28,2,2,Male,PhD,Single,Yes,Rural,Data Science,Junior,Large (1001-5000),Healthcare,Excellent,Very Fast (100+ Mbps),44,Moderate,Daily,88.2,83.8,89.2,82.7,7,24,100,3,9,19-02-24,High,75
EMP0047,30,0,4,Female,Bachelor Degree,Divorced,No,Urban,Marketing,Junior,Small (51-200),Healthcare,Good,Very Fast (100+ Mbps),41,Moderate,Daily,100,92.1,64.6,95,6,2,100,9,9,03-02-24,High,90.3
EMP0048,44,7,4,Male,Master Degree,Single,No,Suburban,Finance,Senior,Enterprise (5000+),Technology,Good,Fast (50-100 Mbps),50,High,Daily,99.8,75.7,79.4,95,8,18,100,4,3,11-02-24,High,78.9
EMP0049,38,9,2,Female,Associate Degree,Divorced,Yes,Suburban,Marketing,Mid-Level,Large (1001-5000),Finance,Average,Very Fast (100+ Mbps),44,High,Daily,100,99.1,80.9,95,9,20,100,7,5,21-04-24,High,98
EMP0050,22,0,4,Male,Master Degree,Married,Yes,Urban,Marketing,Junior,Small (51-200),Government,Excellent,Fast (50-100 Mbps),27,Low,Daily,52.6,70,56.2,93.9,8,33,100,4,7,27-02-24,High,68.3
EMP0051,37,5,5,Non-binary,Master Degree,Divorced,Yes,Urban,Engineering,Senior,Medium (201-1000),Technology,Average,Fast (50-100 Mbps),44,Very High,Daily,74,60.6,49.3,88.3,16,0,100,6,10,28-01-24,High,63.6
EMP0052,31,0,3,Female,Bachelor Degree,Married,Yes,Suburban,Engineering,Junior,Startup (1-50),Technology,Good,Fast (50-100 Mbps),29,Very High,Daily,100,96.2,74,95,6,0,100,9,8,26-01-24,Medium,98
EMP0053,28,3,0,Female,Master Degree,Married,Yes,Urban,Product,Senior,Small (51-200),Technology,Average,Very Fast (100+ Mbps),49,Moderate,Monthly,77.4,81.5,51.2,95,4,21,100,8,8,03-03-24,High,75.9
EMP0054,40,9,0,Female,Master Degree,Married,No,Urban,Sales,Senior,Large (1001-5000),Healthcare,Good,Moderate (25-50 Mbps),37,Moderate,Daily,51,76.5,72.2,87.1,5,63,96.2,7,5,27-01-24,High,65.9
EMP0055,44,11,3,Male,Bachelor Degree,Married,Yes,Rural,Operations,Lead,Small (51-200),Government,Average,Very Fast (100+ Mbps),35,Moderate,Daily,63.6,58.8,68.2,77.1,9,34,82.8,7,5,29-02-24,High,55.3
EMP0056,43,7,2,Male,Master Degree,Married,No,Suburban,Marketing,Senior,Large (1001-5000),Education,Poor,Fast (50-100 Mbps),37,Moderate,Weekly,73.4,80.9,86,95,10,36,100,8,5,02-05-24,High,82.9
EMP0057,27,1,5,Male,Associate Degree,Married,Yes,Urban,Sales,Junior,Small (51-200),Technology,Average,Moderate (25-50 Mbps),36,Low,Weekly,100,100,81,95,5,0,100,7,6,28-02-24,High,98
EMP0058,32,5,4,Female,Master Degree,Married,No,Urban,Sales,Senior,Large (1001-5000),Finance,Excellent,Fast (50-100 Mbps),41,Low,Daily,100,93.6,83.6,95,12,16,100,8,8,01-04-24,Medium,94.4
EMP0059,37,8,4,Female,Master Degree,Married,Yes,Suburban,Operations,Senior,Small (51-200),Finance,Excellent,Fast (50-100 Mbps),36,Moderate,Daily,83.5,83.2,68.7,95,7,35,75.1,5,5,17-02-24,High,84.1
EMP0060,43,6,5,Male,Associate Degree,Single,Yes,Urban,Engineering,Senior,Large (1001-5000),Technology,Average,Very Fast (100+ Mbps),40,High,Daily,77.8,86.3,65.5,91,8,0,100,6,7,27-04-24,High,82.2
EMP0061,30,1,5,Male,Master Degree,Divorced,No,Urban,Sales,Junior,Startup (1-50),Healthcare,Good,Moderate (25-50 Mbps),32,High,Few times per week,75.4,81.1,62.2,95,5,0,100,6,8,20-01-24,Low,71.9
EMP0062,33,2,2,Female,Bachelor Degree,Married,Yes,Suburban,Marketing,Junior,Small (51-200),Technology,Average,Very Fast (100+ Mbps),40,Moderate,Daily,86.7,85.3,71.6,95,4,47,84.7,4,6,17-04-24,Medium,93.8
EMP0063,25,1,1,Male,Bachelor Degree,Married,No,Urban,Data Science,Junior,Medium (201-1000),Consulting,Average,Fast (50-100 Mbps),50,Moderate,Weekly,70.7,86.4,55.5,95,10,12,100,6,6,13-03-24,High,83.4
EMP0064,24,0,4,Female,Bachelor Degree,In Relationship,No,Suburban,Sales,Junior,Medium (201-1000),Healthcare,Poor,Very Fast (100+ Mbps),39,Very High,Weekly,84.9,100,95,95,5,41,100,3,6,23-03-24,High,98
EMP0065,42,6,2,Male,Bachelor Degree,Married,No,Suburban,Operations,Senior,Medium (201-1000),Consulting,Good,Very Fast (100+ Mbps),45,Moderate,Weekly,100,99,88.5,95,12,79,100,6,7,30-01-24,Medium,98
EMP0066,47,6,3,Female,Master Degree,Married,Yes,Urban,Engineering,Lead,Medium (201-1000),Government,Average,Very Fast (100+ Mbps),34,Low,Few times per week,70.8,74.9,61.3,95,5,18,76,3,8,12-05-24,High,74.7
EMP0067,34,4,4,Male,Bachelor Degree,Married,Yes,Urban,Engineering,Mid-Level,Enterprise (5000+),Government,Excellent,Very Fast (100+ Mbps),45,High,Daily,89.9,98.5,81.2,95,8,9,100,6,10,03-03-24,Low,98
EMP0068,44,17,5,Female,Bachelor Degree,Divorced,No,Urban,Product,Manager,Small (51-200),Technology,Good,Moderate (25-50 Mbps),48,Moderate,Few times per week,92.9,97.3,95,95,12,0,100,6,8,25-01-24,Low,98
EMP0069,38,11,3,Female,Master Degree,Single,No,Suburban,HR,Lead,Large (1001-5000),Government,Excellent,Moderate (25-50 Mbps),50,Moderate,Few times per week,91.2,91.9,87.3,95,7,37,100,3,6,25-03-24,Medium,92.2
EMP0070,29,1,4,Male,Associate Degree,Married,Yes,Urban,Sales,Junior,Medium (201-1000),Manufacturing,Average,Fast (50-100 Mbps),43,High,Weekly,60.6,55.4,42,66,2,38,100,5,3,21-02-24,Low,53.3
EMP0071,38,2,2,Female,Bachelor Degree,Married,Yes,Urban,Marketing,Junior,Medium (201-1000),Manufacturing,Average,Very Fast (100+ Mbps),46,Moderate,Bi-weekly,89.1,90.9,72.4,95,6,29,86,7,4,30-04-24,High,81.6
EMP0072,48,17,4,Female,Bachelor Degree,Single,Yes,Rural,Engineering,Manager,Medium (201-1000),Technology,Excellent,Very Fast (100+ Mbps),34,High,Daily,82.2,89.3,79.2,95,9,6,100,6,2,04-04-24,High,98
EMP0073,34,5,0,Female,Master Degree,Single,No,Urban,Finance,Mid-Level,Large (1001-5000),Technology,Good,Fast (50-100 Mbps),39,Moderate,Monthly,71.4,73,56.9,88.2,10,43,100,6,6,03-04-24,High,76.1
EMP0074,49,24,5,Female,Bachelor Degree,Married,Yes,Rural,Engineering,Director,Medium (201-1000),Non-profit,Average,Very Fast (100+ Mbps),37,Moderate,Bi-weekly,81.2,96.1,82.7,95,12,0,95,5,6,07-05-24,High,84.2
EMP0075,22,0,0,Male,Bachelor Degree,Married,No,Urban,HR,Junior,Large (1001-5000),Technology,Average,Fast (50-100 Mbps),43,Moderate,Daily,59.9,50,49.1,69.6,9,0,71.1,2,8,04-05-24,High,48.5
EMP0076,42,7,4,Female,Bachelor Degree,Divorced,Yes,Urban,Marketing,Mid-Level,Startup (1-50),Technology,Average,Very Fast (100+ Mbps),38,High,Daily,87.3,83.3,70.8,95,10,27,100,9,3,01-03-24,High,90.1
EMP0077,35,3,0,Non-binary,Master Degree,Married,No,Suburban,Engineering,Mid-Level,Large (1001-5000),Finance,Poor,Fast (50-100 Mbps),46,Very High,Daily,77.1,88.7,92.1,95,10,0,100,5,5,28-03-24,Medium,84.8
EMP0078,32,9,2,Female,Associate Degree,Married,Yes,Urban,Product,Senior,Small (51-200),Media,Average,Moderate (25-50 Mbps),56,Moderate,Few times per week,100,92.8,81,95,7,26,87.9,5,6,08-02-24,High,98
EMP0079,35,5,3,Female,PhD,Single,No,Urban,Data Science,Mid-Level,Medium (201-1000),Healthcare,Good,Fast (50-100 Mbps),45,High,Daily,98.3,97.3,84.3,95,10,43,100,3,8,14-04-24,High,98
EMP0080,22,0,3,Male,Master Degree,Married,Yes,Urban,Engineering,Junior,Medium (201-1000),Media,Good,Moderate (25-50 Mbps),50,Very High,Daily,89,81.9,69.5,95,7,57,100,6,3,23-01-24,High,85.6
EMP0081,33,6,1,Female,Master Degree,Married,Yes,Rural,Customer Success,Lead,Medium (201-1000),Finance,Good,Fast (50-100 Mbps),34,High,Bi-weekly,100,96.7,67.9,95,9,56,100,9,5,20-01-24,Medium,98
EMP0082,38,10,2,Female,Bachelor Degree,Married,Yes,Urban,HR,Lead,Medium (201-1000),Technology,Average,Fast (50-100 Mbps),41,Moderate,Daily,100,93.8,83.3,95,8,38,100,4,7,08-04-24,High,96.6
EMP0083,48,12,4,Male,Bachelor Degree,Single,Yes,Suburban,HR,Manager,Small (51-200),Healthcare,Good,Very Fast (100+ Mbps),43,Moderate,Few times per week,92.5,87.2,67.9,95,9,32,86.9,5,5,13-02-24,High,84.9
EMP0084,30,0,4,Female,Master Degree,Married,Yes,Suburban,Design,Mid-Level,Medium (201-1000),Education,Average,Very Fast (100+ Mbps),42,Very Low,Weekly,61.3,60.6,47,82.1,12,28,48.4,4,10,22-04-24,High,60.3
EMP0085,27,1,0,Female,Associate Degree,Divorced,No,Suburban,Marketing,Mid-Level,Medium (201-1000),Finance,Excellent,Moderate (25-50 Mbps),53,High,Bi-weekly,56.2,68.7,81.7,75.1,8,14,100,8,6,21-02-24,High,65.2
EMP0086,30,5,4,Male,Associate Degree,Married,No,Suburban,Finance,Mid-Level,Small (51-200),Finance,Average,Fast (50-100 Mbps),37,High,Daily,79.8,78,72.3,88.9,11,31,100,6,9,25-01-24,Medium,72.6
EMP0087,43,13,0,Male,Bachelor Degree,Married,Yes,Urban,Customer Success,Lead,Small (51-200),Technology,Average,Fast (50-100 Mbps),43,Moderate,Daily,100,88.7,75.4,95,12,28,100,8,9,03-05-24,High,85.9
EMP0088,37,5,3,Female,PhD,Married,No,Urban,Marketing,Junior,Large (1001-5000),Technology,Good,Fast (50-100 Mbps),27,Moderate,Weekly,90.8,97,89.4,95,6,36,100,8,5,13-02-24,High,94.8
EMP0089,30,0,2,Male,Master Degree,Single,No,Urban,Marketing,Junior,Large (1001-5000),Retail,Good,Very Fast (100+ Mbps),44,High,Weekly,80.6,73.6,59.2,95,11,57,100,7,5,04-05-24,High,74.9
EMP0090,39,10,3,Male,Bachelor Degree,Single,Yes,Urban,Sales,Lead,Small (51-200),Finance,Excellent,Slow (<25 Mbps),45,High,Monthly,97.8,91.3,71.9,95,7,18,100,4,5,27-01-24,High,98
EMP0091,35,7,2,Male,Master Degree,Divorced,No,Urban,HR,Mid-Level,Small (51-200),Technology,Average,Very Fast (100+ Mbps),41,High,Daily,73.9,88.9,95,95,14,33,100,2,6,03-03-24,High,89
EMP0092,43,5,5,Male,Bachelor Degree,Married,No,Urban,Finance,Mid-Level,Small (51-200),Technology,Average,Moderate (25-50 Mbps),44,Moderate,Weekly,86.9,79.4,66.9,95,7,0,100,3,3,19-02-24,Medium,88.9
EMP0093,28,2,2,Female,Master Degree,Married,No,Rural,Marketing,Junior,Large (1001-5000),Finance,Good,Very Fast (100+ Mbps),38,High,Few times per week,78.3,90.2,87.1,89.8,5,39,100,7,8,13-03-24,Medium,83
EMP0094,32,0,2,Female,Bachelor Degree,Single,Yes,Rural,Sales,Junior,Large (1001-5000),Media,Excellent,Very Fast (100+ Mbps),34,Low,Bi-weekly,87.1,100,95,95,13,39,98.8,7,4,05-04-24,High,94.6
EMP0095,31,3,2,Female,Master Degree,Married,Yes,Urban,Engineering,Mid-Level,Startup (1-50),Finance,Good,Very Fast (100+ Mbps),36,Moderate,Few times per week,96.7,100,95,95,8,79,100,7,9,30-04-24,Medium,93.3
EMP0096,22,0,5,Female,Bachelor Degree,Single,No,Urban,Engineering,Junior,Large (1001-5000),Technology,Good,Moderate (25-50 Mbps),36,High,Few times per week,88,82.7,80.7,95,7,0,100,4,7,01-03-24,Medium,89.3
EMP0097,37,7,4,Female,Bachelor Degree,Single,No,Urban,Marketing,Mid-Level,Startup (1-50),Finance,Good,Moderate (25-50 Mbps),34,High,Daily,79.1,85.2,62.9,95,7,20,100,4,6,04-02-24,Medium,87.5
EMP0098,37,9,4,Male,Bachelor Degree,Married,Yes,Urban,Sales,Senior,Small (51-200),Education,Good,Moderate (25-50 Mbps),34,Very High,Daily,88.5,100,81.5,95,12,0,100,9,7,02-03-24,High,98
EMP0099,35,9,5,Female,Bachelor Degree,Married,No,Urban,Customer Success,Senior,Enterprise (5000+),Education,Excellent,Very Fast (100+ Mbps),37,Moderate,Few times per week,100,99.2,81.4,95,5,0,100,7,9,29-02-24,High,98
EMP0100,32,4,5,Male,Master Degree,Single,No,Rural,Marketing,Mid-Level,Large (1001-5000),Technology,Good,Very Fast (100+ Mbps),39,Moderate,Daily,78.2,89.5,79,88.2,12,0,100,7,5,10-02-24,High,79.6
EMP0101,22,1,4,Male,Bachelor Degree,Single,Yes,Urban,Design,Junior,Large (1001-5000),Retail,Average,Fast (50-100 Mbps),42,Very High,Few times per week,78,89.2,84.1,95,4,21,100,3,5,09-04-24,Medium,92.2
EMP0102,31,2,1,Female,Bachelor Degree,Married,No,Urban,Engineering,Junior,Medium (201-1000),Education,Average,Very Fast (100+ Mbps),34,Moderate,Daily,48,54.8,46.9,69.2,8,73,84.4,5,6,18-02-24,High,44.5
EMP0103,31,5,4,Female,Bachelor Degree,Married,No,Urban,Data Science,Junior,Small (51-200),Technology,Good,Fast (50-100 Mbps),36,Moderate,Weekly,100,97.9,92,95,9,31,100,2,6,13-04-24,Medium,98
EMP0104,27,1,2,Female,Bachelor Degree,Married,Yes,Rural,Sales,Mid-Level,Large (1001-5000),Technology,Average,Fast (50-100 Mbps),38,High,Daily,73.1,93.4,76.5,95,9,37,100,7,3,13-05-24,High,86.8
EMP0105,33,4,4,Non-binary,Associate Degree,Married,No,Rural,Operations,Mid-Level,Large (1001-5000),Healthcare,Excellent,Very Fast (100+ Mbps),44,High,Weekly,100,95.5,61.1,95,10,6,100,6,7,11-04-24,High,98
EMP0106,38,9,4,Female,Bachelor Degree,In Relationship,Yes,Suburban,Marketing,Lead,Small (51-200),Education,Good,Fast (50-100 Mbps),34,High,Weekly,97.2,89.1,81.7,95,8,22,100,6,7,06-04-24,Medium,98
EMP0107,51,17,4,Female,Bachelor Degree,Single,Yes,Suburban,Sales,Manager,Medium (201-1000),Government,Average,Moderate (25-50 Mbps),38,High,Daily,85.7,80,72.4,90.4,5,47,100,8,7,24-01-24,Low,82.8
EMP0108,36,7,3,Female,Bachelor Degree,Single,No,Urban,Engineering,Lead,Large (1001-5000),Finance,Excellent,Moderate (25-50 Mbps),47,High,Daily,90.3,99.2,91.9,95,2,41,100,7,5,01-04-24,High,98
EMP0109,37,8,4,Male,Bachelor Degree,Married,No,Urban,Engineering,Senior,Enterprise (5000+),Manufacturing,Good,Fast (50-100 Mbps),37,Very High,Weekly,95.8,97.4,95,95,11,46,100,9,8,05-04-24,High,98
EMP0110,34,4,5,Male,PhD,Single,No,Suburban,Finance,Mid-Level,Large (1001-5000),Technology,Excellent,Fast (50-100 Mbps),34,High,Daily,100,100,83.5,95,8,0,100,2,6,05-02-24,Medium,98
EMP0111,22,1,1,Female,Master Degree,Married,No,Suburban,Sales,Junior,Large (1001-5000),Media,Good,Fast (50-100 Mbps),41,Low,Daily,62.4,59,79.5,75.8,13,10,84.6,6,7,23-03-24,High,57.1
EMP0112,34,1,2,Female,Bachelor Degree,Married,No,Urban,Data Science,Junior,Startup (1-50),Education,Average,Very Fast (100+ Mbps),37,Very High,Few times per week,62.1,84,59.9,94.4,10,49,100,6,5,17-04-24,High,75.9
EMP0113,35,5,4,Male,Master Degree,In Relationship,No,Urban,Sales,Senior,Medium (201-1000),Education,Excellent,Very Fast (100+ Mbps),25,Very High,Few times per week,100,99.2,95,95,11,0,100,2,8,15-02-24,High,98
EMP0114,57,3,5,Male,Master Degree,Divorced,Yes,Suburban,Data Science,Mid-Level,Large (1001-5000),Technology,Excellent,Very Fast (100+ Mbps),43,Moderate,Daily,87.5,97.1,88.2,95,9,0,100,7,5,04-02-24,High,98
EMP0115,33,3,1,Male,Bachelor Degree,In Relationship,No,Urban,Engineering,Senior,Startup (1-50),Technology,Average,Very Fast (100+ Mbps),47,Very High,Monthly,95.1,97.5,89.6,95,3,33,100,4,9,14-03-24,High,98
EMP0116,37,5,0,Female,Master Degree,Single,No,Suburban,Engineering,Senior,Large (1001-5000),Retail,Good,Very Fast (100+ Mbps),41,High,Bi-weekly,100,89.9,78.3,95,8,41,100,7,6,03-03-24,High,98
EMP0117,34,4,0,Female,Bachelor Degree,Divorced,Yes,Urban,Sales,Junior,Enterprise (5000+),Technology,Good,Moderate (25-50 Mbps),48,High,Bi-weekly,72.5,76,50.7,84.8,6,58,100,2,4,18-02-24,High,72.8
EMP0118,24,0,0,Female,Master Degree,Single,No,Urban,Product,Junior,Small (51-200),Technology,Poor,Fast (50-100 Mbps),45,Low,Few times per week,81.5,62.5,59.6,78.6,9,53,84.6,6,7,12-05-24,Low,67.3
EMP0119,45,12,5,Female,Bachelor Degree,Married,No,Urban,Marketing,Senior,Large (1001-5000),Technology,Good,Very Fast (100+ Mbps),36,High,Monthly,53.6,62.2,37.9,69.1,6,0,100,6,7,05-04-24,High,56
EMP0120,41,5,4,Female,Bachelor Degree,Married,No,Rural,Engineering,Mid-Level,Large (1001-5000),Technology,Average,Very Fast (100+ Mbps),54,Low,Weekly,78.5,69,47.7,85.9,6,43,99.1,6,6,12-04-24,High,70.4
EMP0121,42,13,4,Female,Bachelor Degree,Single,Yes,Urban,Engineering,Senior,Medium (201-1000),Education,Poor,Fast (50-100 Mbps),43,Moderate,Weekly,100,100,85.3,95,6,46,100,5,8,26-03-24,High,98
EMP0122,26,1,3,Male,Professional Degree,Married,No,Urban,Sales,Mid-Level,Large (1001-5000),Finance,Excellent,Very Fast (100+ Mbps),44,Moderate,Few times per week,47.2,64,49.2,72.5,5,23,89.1,5,6,12-02-24,High,54.3
EMP0123,47,14,4,Male,Master Degree,Single,Yes,Urban,Operations,Lead,Small (51-200),Technology,Good,Very Fast (100+ Mbps),36,Moderate,Daily,100,94.2,76.7,95,10,5,100,6,4,11-04-24,High,98
EMP0124,22,1,1,Female,Bachelor Degree,Married,Yes,Suburban,Sales,Junior,Large (1001-5000),Finance,Good,Moderate (25-50 Mbps),32,Very High,Bi-weekly,76.8,100,94.2,95,8,46,100,5,2,25-02-24,Low,94.8
EMP0125,40,2,3,Male,Associate Degree,In Relationship,No,Suburban,HR,Junior,Small (51-200),Consulting,Average,Fast (50-100 Mbps),35,Very High,Few times per week,40.2,62.3,59.2,89.2,11,37,98.5,9,9,01-05-24,Medium,56.6
EMP0126,54,6,3,Female,Bachelor Degree,Single,No,Urban,Operations,Senior,Large (1001-5000),Media,Good,Fast (50-100 Mbps),47,High,Monthly,85.1,89.8,81.5,95,8,16,100,9,6,22-04-24,High,92.2
EMP0127,26,1,1,Female,Bachelor Degree,Single,Yes,Urban,Product,Junior,Medium (201-1000),Healthcare,Average,Fast (50-100 Mbps),52,Very High,Daily,40,50,60.3,57.9,10,36,100,5,7,23-04-24,High,42.6
EMP0128,29,2,3,Male,Associate Degree,Married,Yes,Rural,Marketing,Junior,Startup (1-50),Healthcare,Poor,Very Fast (100+ Mbps),43,Very Low,Monthly,40,58.4,49.5,64.9,7,35,78.4,7,4,22-01-24,High,45
EMP0129,35,2,2,Female,Bachelor Degree,Divorced,No,Suburban,Sales,Junior,Medium (201-1000),Technology,Average,Fast (50-100 Mbps),42,Moderate,Daily,63.8,76.6,62.6,83.7,10,65,100,7,6,13-02-24,High,65.2
EMP0130,30,5,0,Female,Master Degree,Single,No,Suburban,Data Science,Mid-Level,Small (51-200),Healthcare,Average,Fast (50-100 Mbps),47,High,Few times per week,66.2,50,69.6,84,9,6,100,8,7,29-04-24,High,65.6
EMP0131,22,1,1,Male,Master Degree,Married,No,Urban,Sales,Junior,Startup (1-50),Retail,Average,Fast (50-100 Mbps),50,Moderate,Few times per week,76,57.2,45.8,82,9,59,60.1,1,6,19-01-24,High,63.5
EMP0132,35,8,4,Female,Bachelor Degree,Divorced,No,Urban,Sales,Senior,Startup (1-50),Healthcare,Average,Very Fast (100+ Mbps),33,Very Low,Weekly,52.7,66.7,69.7,79.3,10,24,94.1,5,10,27-04-24,High,60.8
EMP0133,25,1,0,Female,Bachelor Degree,Single,Yes,Suburban,Customer Success,Mid-Level,Large (1001-5000),Finance,Excellent,Moderate (25-50 Mbps),51,Low,Weekly,72.6,84.5,58.9,88.2,5,31,66.7,3,7,24-02-24,High,74.6
EMP0134,39,1,5,Male,PhD,Married,Yes,Suburban,Engineering,Junior,Large (1001-5000),Education,Average,Very Fast (100+ Mbps),39,Moderate,Few times per week,79.3,76.6,78.1,95,4,0,89.1,5,10,06-03-24,Medium,75.2
EMP0135,26,1,1,Male,Master Degree,Married,Yes,Suburban,Sales,Junior,Enterprise (5000+),Government,Average,Fast (50-100 Mbps),48,High,Daily,65,75.7,52.7,79.9,12,60,100,6,4,18-02-24,High,67.1
EMP0136,48,6,4,Female,Master Degree,Married,Yes,Urban,Engineering,Mid-Level,Large (1001-5000),Media,Good,Fast (50-100 Mbps),35,Very High,Few times per week,77.3,86.6,59.1,95,2,16,100,8,9,23-01-24,Low,75.4
EMP0137,27,3,5,Female,PhD,Divorced,Yes,Suburban,Engineering,Junior,Large (1001-5000),Manufacturing,Excellent,Fast (50-100 Mbps),48,Very High,Daily,100,98.3,88.2,95,11,0,100,8,7,11-02-24,High,97.2
EMP0138,32,6,5,Female,Master Degree,Single,Yes,Suburban,Engineering,Lead,Startup (1-50),Technology,Good,Fast (50-100 Mbps),33,Very High,Weekly,48.7,52.3,40.6,64.3,6,0,100,6,5,10-05-24,High,49.3
EMP0139,42,4,5,Female,Associate Degree,In Relationship,No,Rural,Engineering,Senior,Large (1001-5000),Technology,Excellent,Very Fast (100+ Mbps),48,Very High,Daily,88.8,97.2,73.3,95,9,0,100,2,8,14-05-24,High,98
EMP0140,23,0,2,Female,Bachelor Degree,In Relationship,Yes,Urban,Sales,Junior,Large (1001-5000),Consulting,Good,Very Fast (100+ Mbps),45,Low,Few times per week,77.7,74.7,61.4,85.4,12,45,70.2,5,7,27-03-24,Medium,76.1
EMP0141,37,5,2,Male,PhD,Single,No,Suburban,Customer Success,Senior,Startup (1-50),Technology,Good,Very Fast (100+ Mbps),32,Low,Monthly,95.6,100,90.6,95,6,21,100,3,7,06-05-24,High,97.5
EMP0142,46,6,3,Female,Bachelor Degree,Single,No,Suburban,Operations,Lead,Large (1001-5000),Education,Poor,Very Fast (100+ Mbps),49,Moderate,Daily,100,99,90.1,95,11,21,100,7,4,15-04-24,High,98
EMP0143,22,0,1,Male,Associate Degree,In Relationship,No,Rural,Operations,Junior,Medium (201-1000),Finance,Good,Very Fast (100+ Mbps),36,Moderate,Few times per week,90.2,85.7,85,95,7,64,98.4,7,7,24-02-24,High,92.8
EMP0144,36,5,0,Male,Bachelor Degree,Married,No,Suburban,Marketing,Senior,Enterprise (5000+),Healthcare,Average,Fast (50-100 Mbps),48,Moderate,Daily,86,81.9,63.7,90.2,6,43,76.4,6,5,11-02-24,Medium,76.6
EMP0145,37,5,5,Female,Master Degree,Married,No,Rural,Customer Success,Mid-Level,Large (1001-5000),Healthcare,Excellent,Very Fast (100+ Mbps),42,High,Daily,74.4,81.8,70.1,95,9,0,100,5,6,07-04-24,High,79.6
EMP0146,42,9,3,Female,Professional Degree,Married,Yes,Rural,Product,Senior,Enterprise (5000+),Media,Good,Very Fast (100+ Mbps),34,Low,Few times per week,81.7,83.4,75.5,95,11,44,75.2,8,9,18-03-24,High,86.1
EMP0147,23,0,4,Male,Bachelor Degree,Married,Yes,Urban,Customer Success,Junior,Startup (1-50),Technology,Good,Fast (50-100 Mbps),35,High,Few times per week,67.9,83.4,83.3,95,4,0,100,6,4,05-03-24,Medium,77.6
EMP0148,23,0,5,Female,Bachelor Degree,Divorced,Yes,Suburban,Customer Success,Junior,Startup (1-50),Manufacturing,Good,Moderate (25-50 Mbps),65,Moderate,Few times per week,68.1,72.1,80.5,94.4,8,0,100,6,9,07-05-24,High,77.5
EMP0149,39,2,4,Female,Master Degree,Single,Yes,Suburban,Engineering,Mid-Level,Enterprise (5000+),Consulting,Average,Fast (50-100 Mbps),55,High,Bi-weekly,51.5,69.2,63.2,81.7,9,44,100,8,6,11-05-24,Medium,67.8
EMP0150,37,7,4,Female,Bachelor Degree,Single,No,Urban,Operations,Mid-Level,Startup (1-50),Government,Average,Moderate (25-50 Mbps),40,Low,Weekly,52.7,59,51.1,63.8,7,9,91.5,2,4,06-04-24,High,48.7
EMP0151,37,5,4,Male,Associate Degree,Divorced,No,Urban,Operations,Senior,Medium (201-1000),Healthcare,Average,Fast (50-100 Mbps),44,Moderate,Bi-weekly,60.9,78.9,89.6,91.4,9,15,100,4,8,13-03-24,High,74.9
EMP0152,38,3,1,Female,PhD,Divorced,No,Urban,Marketing,Mid-Level,Medium (201-1000),Healthcare,Good,Very Fast (100+ Mbps),49,Moderate,Few times per week,92.4,83.7,66.9,95,13,25,100,6,7,02-02-24,High,84.5
EMP0153,28,3,2,Male,Bachelor Degree,Married,Yes,Suburban,Marketing,Mid-Level,Large (1001-5000),Government,Average,Fast (50-100 Mbps),34,Very High,Few times per week,47.1,62.3,61.5,83.4,6,42,100,6,6,17-02-24,High,65.1
EMP0154,37,6,5,Male,Bachelor Degree,In Relationship,No,Urban,Engineering,Mid-Level,Small (51-200),Healthcare,Good,Very Fast (100+ Mbps),46,High,Few times per week,95.9,98.8,88.2,95,5,0,100,6,5,01-02-24,Low,98
EMP0155,37,8,5,Female,Master Degree,Married,Yes,Suburban,Engineering,Lead,Startup (1-50),Healthcare,Excellent,Very Fast (100+ Mbps),47,Moderate,Weekly,88.2,100,86.2,95,11,0,100,7,6,15-02-24,High,98
EMP0156,28,2,5,Female,High School,Single,No,Suburban,Product,Junior,Medium (201-1000),Finance,Average,Very Fast (100+ Mbps),44,High,Few times per week,100,100,83.1,95,10,0,100,5,4,19-04-24,High,98
EMP0157,51,2,3,Female,PhD,Divorced,Yes,Suburban,Operations,Junior,Medium (201-1000),Technology,Average,Very Fast (100+ Mbps),50,Low,Daily,86.9,84.3,75.1,92.7,12,30,95.8,1,8,26-03-24,High,78.3
EMP0158,39,5,5,Female,Bachelor Degree,Married,Yes,Urban,Engineering,Mid-Level,Small (51-200),Finance,Good,Fast (50-100 Mbps),42,Moderate,Daily,55,70.3,74,87.8,5,0,95.7,5,5,23-03-24,High,72.4
EMP0159,24,0,0,Male,Bachelor Degree,Single,Yes,Suburban,Engineering,Junior,Large (1001-5000),Education,Average,Fast (50-100 Mbps),48,High,Few times per week,75.4,54.6,58.8,79.8,10,47,100,9,8,17-02-24,High,60.9
EMP0160,40,3,1,Female,Bachelor Degree,Married,No,Urban,Operations,Senior,Large (1001-5000),Retail,Average,Very Fast (100+ Mbps),43,High,Daily,87.9,98.7,95,95,11,42,100,7,8,19-04-24,High,98
EMP0161,26,1,3,Male,Bachelor Degree,Married,Yes,Urban,Sales,Junior,Large (1001-5000),Technology,Good,Moderate (25-50 Mbps),32,Moderate,Daily,100,100,78.3,95,8,30,100,5,9,29-03-24,High,98
EMP0162,42,5,3,Female,Master Degree,In Relationship,Yes,Suburban,Marketing,Mid-Level,Small (51-200),Manufacturing,Good,Fast (50-100 Mbps),47,High,Weekly,76.9,77.9,57.5,86.7,7,20,100,4,3,09-03-24,High,72.8
EMP0163,45,6,2,Male,Master Degree,Single,No,Suburban,Engineering,Senior,Large (1001-5000),Healthcare,Poor,Fast (50-100 Mbps),49,Very High,Daily,70.7,83.4,62.6,95,3,39,100,8,6,08-05-24,High,83.7
EMP0164,27,1,2,Non-binary,PhD,Single,No,Urban,Engineering,Junior,Enterprise (5000+),Healthcare,Average,Moderate (25-50 Mbps),41,Very High,Few times per week,61.9,70.2,65,86.8,5,43,100,4,7,29-03-24,High,70
EMP0165,43,11,1,Female,Bachelor Degree,Married,Yes,Suburban,Sales,Senior,Medium (201-1000),Government,Good,Very Fast (100+ Mbps),33,Very High,Weekly,92.6,95.1,79.2,95,9,6,100,6,8,06-03-24,High,98
EMP0166,38,3,3,Female,Master Degree,Divorced,No,Urban,Finance,Senior,Small (51-200),Technology,Good,Fast (50-100 Mbps),47,High,Daily,94.3,85.2,71.8,95,13,32,100,6,4,01-03-24,Medium,91.1
EMP0167,42,6,4,Female,Bachelor Degree,Married,Yes,Urban,Engineering,Lead,Enterprise (5000+),Manufacturing,Good,Very Fast (100+ Mbps),43,High,Daily,100,95.9,74.3,95,12,28,100,5,8,12-02-24,Medium,98
EMP0168,52,6,4,Female,Master Degree,Married,Yes,Suburban,Sales,Mid-Level,Medium (201-1000),Education,Good,Fast (50-100 Mbps),43,Moderate,Daily,72,58,48.6,76.9,11,40,77.8,5,3,01-02-24,High,61.6
EMP0169,32,5,1,Male,Master Degree,Married,No,Urban,Finance,Mid-Level,Large (1001-5000),Retail,Good,Moderate (25-50 Mbps),43,Moderate,Few times per week,78.8,76.9,61.6,95,2,65,89.1,7,6,20-03-24,High,80.4
EMP0170,28,2,3,Male,Bachelor Degree,Single,Yes,Suburban,Customer Success,Mid-Level,Startup (1-50),Finance,Good,Fast (50-100 Mbps),48,Moderate,Weekly,54,70,64.7,75.8,8,48,84,3,3,18-03-24,High,59.8
EMP0171,26,1,4,Female,Bachelor Degree,Married,No,Suburban,Engineering,Junior,Large (1001-5000),Technology,Average,Very Fast (100+ Mbps),43,High,Few times per week,89.8,98.2,78.6,95,6,0,100,5,4,26-01-24,High,98
EMP0172,27,1,3,Male,Bachelor Degree,Single,No,Suburban,HR,Junior,Enterprise (5000+),Healthcare,Average,Very Fast (100+ Mbps),39,Low,Few times per week,40,50,30,59.3,7,12,67.6,9,8,20-04-24,High,35
EMP0173,34,8,3,Female,Bachelor Degree,Divorced,No,Urban,Design,Senior,Medium (201-1000),Finance,Poor,Very Fast (100+ Mbps),32,Moderate,Few times per week,50.7,57.5,63.9,69.8,10,9,65.8,7,1,21-01-24,High,51.6
EMP0174,38,7,4,Male,PhD,Single,No,Urban,Product,Senior,Small (51-200),Technology,Average,Fast (50-100 Mbps),39,High,Weekly,100,97.4,72.3,95,8,25,100,2,7,04-05-24,High,98
EMP0175,37,5,5,Male,Bachelor Degree,Married,No,Urban,HR,Mid-Level,Startup (1-50),Consulting,Average,Very Fast (100+ Mbps),47,Moderate,Daily,99.8,86.5,87.5,95,11,0,100,5,3,29-01-24,High,84.5
EMP0176,42,5,1,Female,Associate Degree,Single,Yes,Rural,Finance,Senior,Small (51-200),Healthcare,Average,Very Fast (100+ Mbps),39,Very High,Weekly,95.4,95.3,84,95,5,21,100,3,8,03-02-24,Medium,94
EMP0177,35,1,3,Non-binary,Associate Degree,Married,Yes,Urban,Engineering,Junior,Small (51-200),Consulting,Good,Fast (50-100 Mbps),47,High,Weekly,86.4,94.4,78.8,95,9,39,100,6,8,04-04-24,Low,98
EMP0178,48,7,3,Female,Master Degree,Married,No,Suburban,Operations,Lead,Large (1001-5000),Healthcare,Poor,Very Fast (100+ Mbps),33,Very Low,Daily,84,100,84.9,95,2,14,100,3,7,04-02-24,High,91.5
EMP0179,32,3,3,Female,Bachelor Degree,Married,No,Suburban,Operations,Mid-Level,Small (51-200),Healthcare,Excellent,Moderate (25-50 Mbps),35,High,Few times per week,90.5,78.4,56.5,95,5,28,100,5,8,25-04-24,High,80.3
EMP0180,59,20,1,Female,Bachelor Degree,Single,No,Suburban,Sales,Manager,Startup (1-50),Non-profit,Good,Very Fast (100+ Mbps),35,Moderate,Daily,90.5,100,71.5,95,11,19,99.9,6,7,11-04-24,High,98
EMP0181,40,2,1,Male,Bachelor Degree,Married,No,Suburban,Marketing,Junior,Medium (201-1000),Government,Good,Very Fast (100+ Mbps),42,High,Few times per week,79.2,79.2,54.4,90.3,8,37,100,5,6,09-03-24,Medium,80.7
EMP0182,27,0,2,Male,Master Degree,Married,Yes,Rural,Finance,Junior,Medium (201-1000),Technology,Good,Very Fast (100+ Mbps),52,Low,Daily,60.5,60.7,81.8,86.6,10,0,96.1,6,6,31-03-24,Medium,66.5
EMP0183,25,1,5,Female,Bachelor Degree,Married,No,Urban,Design,Junior,Medium (201-1000),Consulting,Good,Slow (<25 Mbps),55,High,Daily,100,91.5,77.8,95,7,0,100,10,7,23-01-24,Medium,98
EMP0184,39,7,4,Female,Master Degree,Married,Yes,Urban,Sales,Senior,Large (1001-5000),Finance,Average,Fast (50-100 Mbps),48,High,Few times per week,75.1,72.7,73.4,90.9,10,15,100,4,6,04-03-24,Medium,68.2
EMP0185,32,2,4,Female,Bachelor Degree,Married,No,Urban,Engineering,Mid-Level,Large (1001-5000),Technology,Excellent,Very Fast (100+ Mbps),30,Moderate,Weekly,56.6,69.3,77,92.8,7,0,68.1,6,1,03-03-24,Low,70.1
EMP0186,41,6,4,Non-binary,Bachelor Degree,Married,No,Urban,Operations,Lead,Small (51-200),Education,Poor,Fast (50-100 Mbps),37,Moderate,Bi-weekly,95.5,98,82.9,95,5,41,87,6,3,31-03-24,High,90.6
EMP0187,39,6,1,Male,Associate Degree,In Relationship,Yes,Suburban,Engineering,Lead,Medium (201-1000),Non-profit,Good,Fast (50-100 Mbps),25,Moderate,Weekly,78.9,95.3,75.6,95,8,37,100,8,7,14-03-24,High,88.5
EMP0188,34,6,5,Male,Associate Degree,Married,No,Urban,Operations,Senior,Small (51-200),Non-profit,Poor,Very Fast (100+ Mbps),42,Moderate,Few times per week,68.6,58.6,50.2,63.4,7,0,65.3,5,6,22-03-24,High,54.3
EMP0189,27,3,3,Female,Bachelor Degree,Single,No,Suburban,Engineering,Senior,Startup (1-50),Technology,Good,Fast (50-100 Mbps),51,High,Monthly,91.2,93.8,92.9,95,8,23,100,6,10,16-02-24,High,98
EMP0190,22,1,2,Male,Bachelor Degree,Divorced,Yes,Urban,Marketing,Junior,Medium (201-1000),Manufacturing,Good,Very Fast (100+ Mbps),46,High,Daily,100,91.7,95,95,11,27,100,7,6,25-03-24,High,96.5
EMP0191,30,0,4,Male,Master Degree,Single,No,Urban,Operations,Mid-Level,Large (1001-5000),Manufacturing,Good,Very Fast (100+ Mbps),31,Moderate,Daily,100,100,79.3,95,10,22,100,9,3,04-05-24,High,98
EMP0192,42,3,4,Male,High School,Divorced,No,Suburban,Engineering,Senior,Startup (1-50),Finance,Average,Fast (50-100 Mbps),50,Moderate,Few times per week,78.7,92,69.7,95,10,40,89.8,4,5,14-05-24,High,76.5
EMP0193,36,7,4,Male,Associate Degree,Single,No,Urban,Engineering,Lead,Startup (1-50),Education,Excellent,Very Fast (100+ Mbps),49,High,Few times per week,87.1,95,93.9,89.9,6,25,100,10,7,16-01-24,Medium,83.9
EMP0194,23,0,1,Female,Master Degree,Married,Yes,Suburban,Sales,Mid-Level,Large (1001-5000),Healthcare,Good,Moderate (25-50 Mbps),51,Moderate,Few times per week,70.5,67.3,74,78,8,27,90.1,7,7,11-04-24,High,61.2
EMP0195,36,0,5,Female,Bachelor Degree,Single,No,Rural,Sales,Junior,Large (1001-5000),Technology,Excellent,Very Fast (100+ Mbps),48,Low,Weekly,51.1,50,42.5,57.7,1,0,83.9,6,7,16-04-24,High,43
EMP0196,38,5,5,Female,Master Degree,In Relationship,No,Suburban,Finance,Senior,Medium (201-1000),Manufacturing,Good,Fast (50-100 Mbps),38,Moderate,Daily,100,100,54.2,95,6,0,100,4,4,29-01-24,High,98
EMP0197,27,0,2,Female,Master Degree,Married,No,Urban,Marketing,Junior,Large (1001-5000),Technology,Poor,Very Fast (100+ Mbps),30,Very High,Few times per week,100,100,79.7,95,9,0,100,6,8,11-04-24,High,98
EMP0198,36,1,0,Male,Bachelor Degree,Married,No,Rural,Sales,Junior,Enterprise (5000+),Finance,Excellent,Moderate (25-50 Mbps),49,High,Few times per week,96,99.3,73.4,95,10,24,100,3,9,07-05-24,Medium,95.6
EMP0199,35,2,1,Female,Master Degree,Single,No,Urban,Marketing,Mid-Level,Small (51-200),Technology,Average,Very Fast (100+ Mbps),46,High,Weekly,92.6,83.9,78.7,95,10,32,100,9,4,23-03-24,High,93.2
EMP0200,24,0,5,Male,Bachelor Degree,Married,No,Suburban,Engineering,Junior,Small (51-200),Retail,Average,Slow (<25 Mbps),30,High,Bi-weekly,73.2,73.9,50.2,95,7,0,100,4,7,20-04-24,High,74.7
EMP0201,38,8,3,Male,Bachelor Degree,Married,Yes,Urban,HR,Senior,Small (51-200),Healthcare,Excellent,Very Fast (100+ Mbps),36,High,Weekly,88.2,100,74.5,95,12,30,100,7,5,18-02-24,Medium,98
EMP0202,40,7,2,Male,Bachelor Degree,Married,No,Urban,Engineering,Lead,Large (1001-5000),Finance,Good,Fast (50-100 Mbps),36,High,Daily,94,97.1,88.6,95,8,45,100,5,4,22-04-24,High,98
EMP0203,44,15,2,Female,Bachelor Degree,Single,Yes,Rural,Customer Success,Senior,Small (51-200),Education,Excellent,Fast (50-100 Mbps),46,Very High,Weekly,93.6,100,79.5,91.5,8,49,100,4,5,06-04-24,High,82.6
EMP0204,44,2,2,Female,Bachelor Degree,Married,Yes,Urban,Marketing,Junior,Enterprise (5000+),Technology,Good,Very Fast (100+ Mbps),41,High,Daily,89.5,100,81,95,9,32,100,8,7,27-02-24,High,96.9
EMP0205,22,1,4,Female,Bachelor Degree,Married,No,Suburban,Marketing,Junior,Large (1001-5000),Media,Excellent,Very Fast (100+ Mbps),40,High,Monthly,85.6,88.7,88.5,95,4,11,100,8,9,29-01-24,High,90.9
EMP0206,26,2,3,Female,Bachelor Degree,Single,No,Urban,Finance,Junior,Small (51-200),Healthcare,Good,Moderate (25-50 Mbps),39,High,Weekly,100,97.9,69.2,95,7,22,100,1,8,21-02-24,High,98
EMP0207,39,9,5,Male,Associate Degree,Single,No,Suburban,Customer Success,Senior,Startup (1-50),Finance,Good,Very Fast (100+ Mbps),35,Very High,Few times per week,98.3,99.7,95,95,5,0,100,9,4,10-03-24,High,98
EMP0208,39,10,4,Female,Associate Degree,Married,No,Rural,Design,Senior,Medium (201-1000),Technology,Average,Fast (50-100 Mbps),47,Very High,Weekly,88.8,97,94.3,95,8,10,100,5,6,04-02-24,Medium,98
EMP0209,39,8,4,Female,High School,In Relationship,Yes,Suburban,Marketing,Mid-Level,Small (51-200),Technology,Average,Very Fast (100+ Mbps),37,High,Few times per week,71.7,82.4,60,95,7,0,100,3,4,13-03-24,Medium,87.2
EMP0210,65,32,2,Male,Associate Degree,Single,Yes,Suburban,Engineering,Director,Enterprise (5000+),Media,Average,Slow (<25 Mbps),48,Low,Daily,80.9,82.5,80.1,95,7,43,98.6,6,6,15-01-24,Medium,88.5
EMP0211,40,8,0,Male,Bachelor Degree,Married,Yes,Suburban,Product,Senior,Medium (201-1000),Healthcare,Good,Fast (50-100 Mbps),33,Moderate,Weekly,95.5,91,78.2,95,10,0,100,3,7,16-04-24,High,84.3
EMP0212,45,17,3,Female,Bachelor Degree,Single,No,Rural,Engineering,Manager,Small (51-200),Retail,Good,Very Fast (100+ Mbps),39,High,Few times per week,76,77.7,65.3,95,9,8,100,4,8,06-05-24,High,73.7
EMP0213,43,14,2,Female,Bachelor Degree,Married,Yes,Urban,Customer Success,Senior,Medium (201-1000),Technology,Good,Very Fast (100+ Mbps),53,Low,Bi-weekly,91.9,87,72.1,95,7,33,100,6,8,16-04-24,High,85.7
EMP0214,40,15,2,Female,Master Degree,Married,Yes,Suburban,Finance,Lead,Startup (1-50),Education,Good,Very Fast (100+ Mbps),43,High,Daily,47.9,60.1,44.7,63.4,12,67,100,5,2,17-02-24,High,50.7
EMP0215,32,6,5,Female,Master Degree,Single,Yes,Urban,Product,Senior,Medium (201-1000),Media,Good,Very Fast (100+ Mbps),39,Moderate,Weekly,75.8,71.1,47.8,90.5,9,0,100,4,7,19-03-24,High,68.4
EMP0216,41,1,3,Non-binary,Bachelor Degree,Married,No,Urban,Product,Junior,Startup (1-50),Technology,Poor,Very Fast (100+ Mbps),38,Very High,Weekly,83.5,77.7,75.8,95,7,14,100,4,6,21-04-24,High,85.8
EMP0217,28,3,1,Male,Master Degree,Divorced,No,Urban,Engineering,Mid-Level,Medium (201-1000),Education,Good,Moderate (25-50 Mbps),36,Moderate,Bi-weekly,81.7,84.9,75.9,95,8,0,100,6,6,06-02-24,Medium,83
EMP0218,32,4,1,Male,Bachelor Degree,In Relationship,No,Suburban,Operations,Junior,Medium (201-1000),Government,Good,Moderate (25-50 Mbps),44,Very High,Daily,73.3,67.9,63.2,88.2,5,31,100,8,5,19-03-24,Medium,72.7
EMP0219,30,2,2,Male,High School,Single,Yes,Rural,Engineering,Mid-Level,Medium (201-1000),Retail,Average,Very Fast (100+ Mbps),47,Very High,Few times per week,100,100,84.8,95,3,33,100,2,2,10-05-24,High,98
EMP0220,35,2,5,Male,Master Degree,Single,Yes,Urban,Engineering,Junior,Large (1001-5000),Technology,Average,Fast (50-100 Mbps),43,High,Weekly,97.4,96,90.7,95,10,0,100,4,8,28-01-24,High,98
EMP0221,55,31,2,Female,Associate Degree,In Relationship,Yes,Suburban,Marketing,Manager,Startup (1-50),Finance,Good,Very Fast (100+ Mbps),41,Low,Few times per week,93.2,94,72.6,95,6,15,83.7,7,5,05-05-24,Medium,91.3
EMP0222,22,1,2,Female,PhD,Single,Yes,Suburban,Engineering,Mid-Level,Medium (201-1000),Technology,Good,Very Fast (100+ Mbps),45,Very High,Few times per week,78.8,79.6,67.9,95,10,29,100,10,9,04-04-24,High,80.9
EMP0223,41,9,4,Female,Bachelor Degree,Married,Yes,Urban,Finance,Senior,Medium (201-1000),Consulting,Average,Very Fast (100+ Mbps),33,High,Few times per week,97.2,85.9,62.9,95,8,13,100,7,3,22-02-24,Medium,85.6
EMP0224,22,1,2,Male,Bachelor Degree,Single,Yes,Rural,Data Science,Junior,Medium (201-1000),Education,Excellent,Fast (50-100 Mbps),44,High,Monthly,73.2,80.9,76.8,95,8,41,100,2,6,01-05-24,High,79.6
EMP0225,30,0,2,Female,Bachelor Degree,Married,Yes,Urban,Operations,Junior,Enterprise (5000+),Government,Good,Slow (<25 Mbps),44,Moderate,Weekly,90.6,73.7,59.8,94,9,20,100,4,8,05-04-24,High,78.2
EMP0226,44,4,1,Male,Bachelor Degree,Single,Yes,Urban,Engineering,Mid-Level,Startup (1-50),Technology,Average,Very Fast (100+ Mbps),43,High,Few times per week,77.4,93,74.9,95,13,20,100,5,5,19-03-24,High,83.7
EMP0227,35,1,2,Male,High School,Divorced,Yes,Urban,Customer Success,Mid-Level,Large (1001-5000),Finance,Average,Very Fast (100+ Mbps),38,Moderate,Weekly,67.9,82,51.3,83.3,7,50,88.1,4,10,01-04-24,High,68.9
EMP0228,25,2,1,Female,Bachelor Degree,Divorced,No,Rural,Customer Success,Junior,Medium (201-1000),Technology,Excellent,Very Fast (100+ Mbps),37,High,Few times per week,90.6,94.8,89.3,95,6,30,100,4,7,09-02-24,Medium,89.9
EMP0229,28,0,0,Female,Master Degree,Married,No,Rural,HR,Junior,Medium (201-1000),Finance,Good,Moderate (25-50 Mbps),34,Moderate,Monthly,77.5,79.1,80.2,87.3,5,23,100,5,5,03-02-24,Medium,76.4
EMP0230,41,7,4,Male,Bachelor Degree,Divorced,No,Urban,Operations,Lead,Large (1001-5000),Technology,Good,Very Fast (100+ Mbps),50,Very High,Few times per week,100,100,92.1,95,8,47,100,5,8,02-03-24,High,98
EMP0231,28,0,1,Male,Bachelor Degree,Married,Yes,Urban,Product,Junior,Small (51-200),Finance,Good,Fast (50-100 Mbps),41,High,Daily,50.6,50,59.3,67.4,8,41,100,5,10,21-04-24,High,50.2
EMP0232,36,0,4,Female,Bachelor Degree,Single,Yes,Suburban,Engineering,Junior,Large (1001-5000),Consulting,Good,Moderate (25-50 Mbps),39,Low,Daily,55.9,61.2,48.7,83.8,9,0,83.4,6,5,04-02-24,High,66.4
EMP0233,35,7,4,Male,Master Degree,Married,No,Suburban,Design,Lead,Startup (1-50),Technology,Poor,Very Fast (100+ Mbps),38,Moderate,Few times per week,68.9,75.3,76,95,11,6,81.6,9,8,24-03-24,Low,81
EMP0234,29,0,3,Male,Bachelor Degree,Married,Yes,Suburban,Design,Junior,Medium (201-1000),Healthcare,Good,Fast (50-100 Mbps),36,Very Low,Few times per week,83.7,86.6,86.2,95,8,23,100,10,10,23-04-24,High,98
EMP0235,54,8,2,Female,Bachelor Degree,Single,No,Rural,Product,Mid-Level,Large (1001-5000),Media,Good,Very Fast (100+ Mbps),38,Moderate,Weekly,100,82.8,70.7,94.5,2,52,100,1,5,12-05-24,Medium,88.2
EMP0236,40,5,1,Male,PhD,Single,No,Suburban,Engineering,Junior,Small (51-200),Non-profit,Good,Moderate (25-50 Mbps),49,High,Bi-weekly,85.9,92.5,80.6,91.3,8,0,100,6,5,22-03-24,Medium,90.3
EMP0237,22,1,4,Male,Bachelor Degree,In Relationship,No,Suburban,Customer Success,Mid-Level,Large (1001-5000),Technology,Excellent,Very Fast (100+ Mbps),45,Moderate,Bi-weekly,72.6,87.8,82.3,95,6,6,83.2,7,7,11-05-24,Medium,88.5
EMP0238,36,4,4,Female,Bachelor Degree,Divorced,No,Suburban,Marketing,Mid-Level,Small (51-200),Government,Good,Slow (<25 Mbps),46,Moderate,Daily,88.6,91.4,69.9,95,14,45,88.2,3,10,15-01-24,High,84.3
EMP0239,29,1,4,Non-binary,Master Degree,Divorced,No,Urban,Operations,Junior,Large (1001-5000),Technology,Excellent,Moderate (25-50 Mbps),47,High,Few times per week,72.5,53.2,43.3,74,8,12,100,9,7,31-03-24,Medium,57.7
EMP0240,42,7,0,Non-binary,Master Degree,Single,No,Suburban,Customer Success,Senior,Medium (201-1000),Finance,Average,Fast (50-100 Mbps),55,Very High,Weekly,100,98.9,77.3,95,12,18,100,9,6,25-02-24,Medium,87.3
EMP0241,27,0,5,Male,Bachelor Degree,Married,Yes,Suburban,Engineering,Junior,Large (1001-5000),Consulting,Good,Fast (50-100 Mbps),42,High,Daily,100,98.1,71.9,95,6,0,100,4,3,17-03-24,Medium,98
EMP0242,33,4,0,Male,Bachelor Degree,Single,Yes,Urban,Sales,Mid-Level,Enterprise (5000+),Manufacturing,Good,Fast (50-100 Mbps),39,Very High,Few times per week,97.6,94.7,75.8,95,4,5,100,7,9,17-01-24,Medium,92.1
EMP0243,39,7,2,Male,Master Degree,In Relationship,Yes,Urban,Customer Success,Lead,Medium (201-1000),Consulting,Good,Very Fast (100+ Mbps),44,High,Daily,79.3,65.5,72.6,82.1,10,45,100,6,3,29-01-24,High,68.8
EMP0244,42,0,3,Male,Bachelor Degree,Single,Yes,Suburban,Customer Success,Junior,Small (51-200),Manufacturing,Excellent,Very Fast (100+ Mbps),45,Low,Daily,54.3,51.9,48.1,77.2,9,0,49.1,2,5,12-05-24,Medium,53.1
EMP0245,24,0,0,Female,PhD,Married,Yes,Suburban,Customer Success,Junior,Large (1001-5000),Technology,Excellent,Very Fast (100+ Mbps),41,Moderate,Daily,67.7,54.7,62.6,90.7,7,32,93.8,5,6,01-03-24,Medium,60.9
EMP0246,31,4,3,Female,Associate Degree,Married,Yes,Suburban,Engineering,Senior,Small (51-200),Healthcare,Average,Fast (50-100 Mbps),36,Moderate,Weekly,83.2,86.7,69.1,95,8,31,100,4,6,06-05-24,High,80.5
EMP0247,30,4,4,Female,Bachelor Degree,Divorced,No,Urban,Finance,Mid-Level,Medium (201-1000),Finance,Poor,Moderate (25-50 Mbps),43,High,Few times per week,79.5,88.8,79.1,95,9,26,100,8,3,30-04-24,High,87.8
EMP0248,29,1,4,Male,Associate Degree,Married,Yes,Suburban,Engineering,Mid-Level,Enterprise (5000+),Healthcare,Excellent,Moderate (25-50 Mbps),45,High,Weekly,100,93.7,93.5,95,5,28,100,8,3,27-04-24,High,98
EMP0249,50,9,5,Male,Master Degree,Married,Yes,Urban,HR,Senior,Large (1001-5000),Technology,Average,Fast (50-100 Mbps),44,Moderate,Weekly,100,97.1,91.2,95,10,0,92.9,2,4,23-02-24,Medium,94.8
EMP0250,38,1,3,Female,Master Degree,Married,Yes,Suburban,Engineering,Junior,Small (51-200),Finance,Good,Fast (50-100 Mbps),30,Moderate,Daily,78,86.3,83.1,95,7,15,100,7,2,14-02-24,High,83.8
EMP0251,23,0,4,Male,Master Degree,Divorced,No,Suburban,HR,Mid-Level,Small (51-200),Consulting,Good,Moderate (25-50 Mbps),32,Moderate,Daily,76.9,61.2,57.7,88.7,14,41,93.3,3,10,22-01-24,High,66.4
EMP0252,43,8,0,Female,PhD,Single,Yes,Suburban,Marketing,Senior,Small (51-200),Media,Average,Moderate (25-50 Mbps),46,Low,Daily,91.1,75,58.4,95,5,43,86.7,7,5,14-02-24,High,77
EMP0253,54,11,3,Female,Associate Degree,Divorced,No,Suburban,Data Science,Senior,Medium (201-1000),Education,Good,Fast (50-100 Mbps),39,High,Few times per week,86.7,100,86.8,95,8,3,100,8,9,06-05-24,High,98
EMP0254,44,5,1,Female,Associate Degree,In Relationship,No,Suburban,Operations,Mid-Level,Small (51-200),Healthcare,Excellent,Very Fast (100+ Mbps),55,High,Bi-weekly,100,95.3,80.4,95,6,24,100,2,8,27-03-24,Medium,98
EMP0255,22,1,2,Male,Master Degree,Single,No,Suburban,Operations,Mid-Level,Large (1001-5000),Retail,Excellent,Fast (50-100 Mbps),50,High,Weekly,65.6,69.6,53.7,85.9,15,73,100,5,7,15-05-24,High,64.8
EMP0256,30,3,2,Female,Master Degree,Single,Yes,Suburban,Sales,Senior,Small (51-200),Education,Excellent,Fast (50-100 Mbps),34,High,Daily,93.5,90.9,82.6,95,12,42,100,5,7,25-01-24,Medium,98
EMP0257,46,7,3,Male,Master Degree,Married,No,Urban,HR,Senior,Enterprise (5000+),Non-profit,Excellent,Fast (50-100 Mbps),48,Very High,Daily,99.1,96.9,88.2,95,11,35,100,9,6,25-01-24,High,98
EMP0258,28,3,3,Male,Master Degree,Single,No,Suburban,Marketing,Senior,Large (1001-5000),Technology,Good,Slow (<25 Mbps),51,Low,Weekly,77.5,81.1,77.4,92.6,9,7,97.3,5,7,17-04-24,Low,84.1
EMP0259,38,10,5,Female,Bachelor Degree,Married,Yes,Suburban,Engineering,Senior,Enterprise (5000+),Finance,Good,Moderate (25-50 Mbps),39,Very Low,Few times per week,98.3,97,78.8,95,7,0,100,4,9,17-03-24,High,95.8
EMP0260,41,2,3,Male,Bachelor Degree,Married,Yes,Suburban,Operations,Junior,Small (51-200),Media,Average,Very Fast (100+ Mbps),41,Low,Weekly,83.3,81.7,77.5,95,13,40,100,6,8,28-04-24,High,86.6
EMP0261,26,3,5,Female,PhD,Married,Yes,Urban,Customer Success,Senior,Medium (201-1000),Media,Good,Very Fast (100+ Mbps),38,Low,Daily,71.2,80,65.4,88.7,6,0,80.7,4,5,23-01-24,Low,69.4
EMP0262,34,7,4,Female,Bachelor Degree,Single,No,Rural,Engineering,Lead,Small (51-200),Healthcare,Excellent,Very Fast (100+ Mbps),35,Very Low,Few times per week,68.7,68.6,59.7,95,10,0,93.7,6,3,21-04-24,High,75.6
EMP0263,22,0,3,Female,Bachelor Degree,Married,Yes,Urban,Engineering,Junior,Small (51-200),Technology,Excellent,Very Fast (100+ Mbps),51,Low,Few times per week,72,77.1,54.5,87.3,8,29,72.7,6,5,23-03-24,Medium,75.6
EMP0264,25,1,4,Female,Master Degree,Married,No,Urban,Operations,Junior,Medium (201-1000),Consulting,Average,Very Fast (100+ Mbps),26,Moderate,Weekly,62.8,58.9,52.2,85.2,2,20,87.6,7,4,22-04-24,High,56.8
EMP0265,32,7,1,Male,Bachelor Degree,In Relationship,Yes,Rural,Customer Success,Mid-Level,Large (1001-5000),Education,Excellent,Moderate (25-50 Mbps),37,Very High,Daily,100,92.2,91.3,95,13,29,100,6,10,31-01-24,High,98
EMP0266,23,0,4,Non-binary,Master Degree,Single,No,Suburban,Engineering,Junior,Startup (1-50),Manufacturing,Average,Very Fast (100+ Mbps),39,Very High,Daily,70.9,64,73.3,79.8,13,40,100,4,6,31-01-24,Low,70.3
EMP0267,49,2,3,Female,Associate Degree,Married,No,Urban,Design,Mid-Level,Small (51-200),Healthcare,Good,Fast (50-100 Mbps),42,Very High,Few times per week,99.1,100,90.4,95,2,8,100,9,4,08-04-24,High,98
EMP0268,22,0,5,Female,Master Degree,Divorced,Yes,Rural,Design,Junior,Small (51-200),Technology,Poor,Very Fast (100+ Mbps),34,High,Daily,69.7,70,48.2,82.6,10,0,100,5,7,15-03-24,Medium,65.2
EMP0269,31,4,4,Male,Master Degree,Married,Yes,Urban,Engineering,Senior,Large (1001-5000),Technology,Good,Fast (50-100 Mbps),50,Moderate,Weekly,92.1,97.8,80.4,95,8,28,100,7,6,15-05-24,Medium,96
EMP0270,36,7,4,Female,Bachelor Degree,Married,Yes,Suburban,Engineering,Lead,Enterprise (5000+),Healthcare,Excellent,Moderate (25-50 Mbps),30,High,Daily,100,100,74,95,6,28,100,6,5,25-03-24,High,98
EMP0271,47,16,4,Male,Bachelor Degree,Single,Yes,Suburban,Finance,Director,Startup (1-50),Technology,Good,Fast (50-100 Mbps),31,High,Daily,77.9,95.2,64,95,8,28,100,8,3,05-02-24,High,80.3
EMP0272,22,0,2,Female,Bachelor Degree,Divorced,No,Suburban,Design,Junior,Medium (201-1000),Technology,Good,Very Fast (100+ Mbps),42,Very High,Bi-weekly,100,100,78.5,95,3,63,100,5,3,17-02-24,High,95.9
EMP0273,45,5,2,Male,Bachelor Degree,Married,Yes,Suburban,Finance,Mid-Level,Enterprise (5000+),Finance,Good,Moderate (25-50 Mbps),34,Very High,Daily,73.7,74.1,44.4,85.7,13,34,100,6,7,22-03-24,High,70.9
EMP0274,35,6,3,Female,Bachelor Degree,In Relationship,No,Urban,Marketing,Senior,Small (51-200),Finance,Good,Very Fast (100+ Mbps),43,High,Daily,99.4,100,69.2,95,6,31,100,3,8,05-05-24,High,98
EMP0275,26,0,3,Male,Bachelor Degree,Divorced,Yes,Urban,Engineering,Junior,Large (1001-5000),Technology,Excellent,Fast (50-100 Mbps),37,Very High,Daily,92.7,86.8,84.4,95,6,40,100,3,9,01-04-24,High,98
EMP0276,39,4,2,Male,Bachelor Degree,Married,Yes,Suburban,Marketing,Senior,Startup (1-50),Technology,Good,Very Fast (100+ Mbps),46,Very High,Bi-weekly,91.3,99,81,95,7,19,100,8,7,09-03-24,High,98
EMP0277,36,6,5,Male,Associate Degree,Married,No,Urban,Operations,Lead,Medium (201-1000),Government,Poor,Fast (50-100 Mbps),36,High,Weekly,89.8,76.8,88.9,95,4,0,100,8,7,11-02-24,Medium,82.7
EMP0278,29,1,3,Male,Associate Degree,Single,No,Rural,Sales,Junior,Medium (201-1000),Technology,Poor,Very Fast (100+ Mbps),50,Moderate,Monthly,68.5,65.3,38.7,74.9,11,22,96,5,5,12-05-24,High,63.7
EMP0279,35,4,5,Male,Master Degree,Single,Yes,Suburban,Marketing,Senior,Large (1001-5000),Finance,Good,Fast (50-100 Mbps),45,High,Weekly,91.8,83.6,71.7,95,6,0,100,7,5,24-03-24,High,90
EMP0280,31,6,4,Female,High School,Married,No,Urban,Engineering,Senior,Small (51-200),Finance,Excellent,Fast (50-100 Mbps),37,Moderate,Weekly,92.5,79.6,66,95,5,5,100,8,6,20-04-24,High,91.7
EMP0281,36,2,3,Female,Master Degree,Married,Yes,Suburban,Marketing,Junior,Small (51-200),Consulting,Excellent,Very Fast (100+ Mbps),45,High,Few times per week,100,94.9,79.7,95,9,33,100,3,8,17-04-24,Medium,98
EMP0282,40,4,5,Female,Master Degree,Married,No,Urban,Engineering,Mid-Level,Small (51-200),Finance,Average,Moderate (25-50 Mbps),42,Very High,Weekly,99,96,88.4,95,9,0,100,10,6,12-04-24,High,98
EMP0283,49,8,3,Female,Master Degree,Divorced,Yes,Urban,Engineering,Senior,Medium (201-1000),Technology,Average,Very Fast (100+ Mbps),46,Moderate,Few times per week,100,88,84.6,95,10,26,91.2,8,5,09-02-24,High,98
EMP0284,23,0,5,Male,Master Degree,Single,Yes,Suburban,Customer Success,Junior,Large (1001-5000),Technology,Poor,Moderate (25-50 Mbps),45,High,Weekly,58,55.9,61.8,63.6,13,0,100,7,9,15-04-24,Low,50.6
EMP0285,54,8,2,Male,Associate Degree,Married,No,Rural,Engineering,Senior,Large (1001-5000),Retail,Good,Very Fast (100+ Mbps),44,Very High,Weekly,94.7,100,76.4,95,8,49,100,6,6,23-02-24,High,98
EMP0286,22,0,2,Male,Master Degree,Married,Yes,Urban,Operations,Mid-Level,Startup (1-50),Retail,Average,Fast (50-100 Mbps),42,Low,Weekly,84.1,68.4,71.2,89.1,11,33,100,8,3,06-03-24,High,76.2
EMP0287,33,9,3,Female,Bachelor Degree,Married,Yes,Urban,Engineering,Senior,Large (1001-5000),Finance,Average,Fast (50-100 Mbps),47,Moderate,Daily,100,98.4,95,95,8,16,100,7,7,09-04-24,Medium,98
EMP0288,40,13,3,Female,Master Degree,In Relationship,Yes,Suburban,Engineering,Lead,Startup (1-50),Technology,Good,Very Fast (100+ Mbps),49,High,Few times per week,95.9,96.6,95,95,8,30,100,6,7,07-04-24,High,98
EMP0289,37,1,3,Male,Master Degree,Married,No,Urban,Sales,Junior,Medium (201-1000),Finance,Average,Very Fast (100+ Mbps),42,Low,Few times per week,78.4,70.3,51.3,95,14,46,94.6,8,10,02-03-24,High,73.3
EMP0290,29,1,3,Male,High School,Married,No,Urban,Engineering,Mid-Level,Large (1001-5000),Education,Excellent,Fast (50-100 Mbps),45,Low,Few times per week,53,54.9,54,49.6,3,33,35.2,4,8,11-03-24,High,49.6
EMP0291,33,6,2,Female,Bachelor Degree,Married,No,Suburban,Engineering,Senior,Startup (1-50),Retail,Good,Moderate (25-50 Mbps),47,High,Monthly,93.5,85.3,76,95,7,6,100,4,3,09-05-24,High,83.2
EMP0292,30,4,5,Female,Bachelor Degree,Single,No,Rural,Product,Senior,Startup (1-50),Technology,Poor,Slow (<25 Mbps),51,Moderate,Few times per week,78.7,58.2,64.2,90.9,7,0,74.5,9,6,21-03-24,High,66.2
EMP0293,29,2,3,Female,Master Degree,Married,No,Urban,Engineering,Junior,Small (51-200),Healthcare,Excellent,Very Fast (100+ Mbps),50,Moderate,Daily,80.6,79.4,48.5,94.7,6,27,79,2,6,12-03-24,Medium,77.2
EMP0294,42,9,3,Female,Bachelor Degree,Married,Yes,Suburban,Engineering,Senior,Large (1001-5000),Technology,Average,Very Fast (100+ Mbps),48,Very High,Few times per week,100,98.3,86.3,95,7,56,100,2,6,30-01-24,High,98
EMP0295,38,3,4,Female,Bachelor Degree,In Relationship,Yes,Rural,Customer Success,Senior,Medium (201-1000),Education,Good,Fast (50-100 Mbps),39,Moderate,Weekly,98.2,94.1,90.9,95,6,15,100,7,4,15-02-24,Medium,98
EMP0296,28,3,4,Male,Bachelor Degree,Divorced,No,Urban,Sales,Mid-Level,Medium (201-1000),Education,Average,Fast (50-100 Mbps),34,Very High,Bi-weekly,77.3,88.3,74,95,6,17,100,5,6,12-02-24,High,82.7
EMP0297,43,19,5,Female,Bachelor Degree,Married,Yes,Urban,Finance,Manager,Large (1001-5000),Media,Average,Moderate (25-50 Mbps),45,Moderate,Few times per week,100,100,95,95,11,0,100,8,6,23-01-24,High,98
EMP0298,37,2,3,Female,PhD,Married,Yes,Rural,Engineering,Junior,Large (1001-5000),Finance,Average,Very Fast (100+ Mbps),45,Moderate,Daily,95,92.7,68.9,95,8,0,94.4,5,5,27-02-24,High,89.5
EMP0299,42,11,1,Female,Master Degree,Single,No,Suburban,Engineering,Lead,Large (1001-5000),Healthcare,Average,Very Fast (100+ Mbps),39,High,Daily,82.7,94.3,85,95,6,33,100,5,7,17-01-24,Low,83.9
EMP0300,40,8,3,Female,Bachelor Degree,Single,No,Urban,Operations,Lead,Medium (201-1000),Technology,Good,Fast (50-100 Mbps),33,Low,Daily,100,100,95,95,12,18,100,9,5,30-03-24,Medium,98
EMP0301,27,2,3,Male,Associate Degree,Married,Yes,Urban,Data Science,Junior,Startup (1-50),Technology,Excellent,Very Fast (100+ Mbps),51,Moderate,Daily,91.6,89,85.9,95,11,32,100,6,4,25-03-24,High,85.5
EMP0302,29,2,5,Male,Bachelor Degree,Married,Yes,Urban,Engineering,Junior,Small (51-200),Technology,Average,Fast (50-100 Mbps),44,Low,Weekly,88,95.7,84.8,95,5,0,92.5,6,10,13-02-24,High,98
EMP0303,41,6,3,Male,Bachelor Degree,Single,No,Suburban,Sales,Mid-Level,Large (1001-5000),Technology,Good,Very Fast (100+ Mbps),34,High,Daily,100,100,90.6,95,3,25,100,8,7,30-03-24,High,98
EMP0304,40,5,5,Male,Master Degree,Married,No,Suburban,Engineering,Mid-Level,Large (1001-5000),Technology,Average,Fast (50-100 Mbps),41,Very High,Daily,98.8,98.6,90.5,95,7,0,100,5,7,12-02-24,Medium,98
EMP0305,34,0,3,Male,Bachelor Degree,Married,Yes,Suburban,Engineering,Junior,Enterprise (5000+),Government,Excellent,Fast (50-100 Mbps),33,Moderate,Weekly,71.3,79.7,65.2,95,6,27,93.7,4,5,15-01-24,Medium,77.2
EMP0306,36,11,5,Female,Bachelor Degree,Married,Yes,Suburban,Product,Senior,Small (51-200),Education,Average,Very Fast (100+ Mbps),46,High,Few times per week,85.8,100,95,95,5,0,100,6,5,24-01-24,High,98
EMP0307,46,7,0,Female,Master Degree,Married,No,Urban,Engineering,Senior,Startup (1-50),Technology,Good,Very Fast (100+ Mbps),53,High,Daily,77.8,90.1,73,92.5,7,46,100,5,4,14-04-24,Medium,78.7
EMP0308,29,3,5,Male,Master Degree,Single,Yes,Urban,Customer Success,Mid-Level,Startup (1-50),Technology,Average,Slow (<25 Mbps),40,Moderate,Few times per week,70.3,64.2,87.6,91.3,9,0,75.4,4,3,04-04-24,Medium,67.1
EMP0309,39,5,5,Female,Bachelor Degree,Married,No,Urban,Engineering,Mid-Level,Small (51-200),Finance,Average,Moderate (25-50 Mbps),41,High,Daily,89.1,79.4,77.2,95,12,0,100,3,7,22-01-24,High,85.5
EMP0310,33,3,5,Male,High School,Divorced,Yes,Suburban,Product,Mid-Level,Medium (201-1000),Finance,Excellent,Moderate (25-50 Mbps),40,High,Few times per week,100,95.9,75.3,95,7,0,100,7,5,13-02-24,High,89.8
EMP0311,33,6,0,Female,Bachelor Degree,Married,Yes,Suburban,Marketing,Senior,Enterprise (5000+),Technology,Good,Slow (<25 Mbps),40,High,Weekly,88.5,88.6,78.1,95,11,0,100,2,5,23-01-24,Medium,79.8
EMP0312,44,7,1,Male,Master Degree,Divorced,Yes,Urban,Product,Lead,Medium (201-1000),Healthcare,Average,Very Fast (100+ Mbps),37,High,Bi-weekly,63.6,71.2,72.1,85.3,5,57,100,6,4,09-05-24,Medium,71.7
EMP0313,42,11,4,Male,PhD,Single,No,Urban,Engineering,Lead,Medium (201-1000),Media,Average,Very Fast (100+ Mbps),50,High,Daily,89.3,100,83.2,95,12,31,100,5,4,19-01-24,High,98
EMP0314,42,15,0,Female,Associate Degree,Married,No,Suburban,HR,Manager,Large (1001-5000),Healthcare,Good,Very Fast (100+ Mbps),43,Very High,Daily,72.7,76.3,71.9,93.7,10,54,100,4,6,04-05-24,High,74.3
EMP0315,46,19,0,Male,High School,Married,Yes,Suburban,Finance,Lead,Startup (1-50),Healthcare,Poor,Moderate (25-50 Mbps),42,High,Weekly,88.1,100,75.2,95,15,43,100,8,8,26-02-24,High,91.5
EMP0316,35,3,2,Male,Master Degree,Married,No,Urban,Marketing,Senior,Large (1001-5000),Manufacturing,Good,Fast (50-100 Mbps),40,Moderate,Daily,91.4,98.8,67.1,95,6,42,100,7,10,24-01-24,Medium,98
EMP0317,41,11,3,Male,Master Degree,Divorced,Yes,Urban,Customer Success,Lead,Medium (201-1000),Technology,Good,Fast (50-100 Mbps),34,High,Few times per week,100,93.9,95,95,8,22,100,7,6,20-03-24,High,98
EMP0318,32,2,3,Female,Professional Degree,Married,No,Urban,Operations,Junior,Small (51-200),Technology,Average,Moderate (25-50 Mbps),47,Moderate,Daily,40,50,30,47.4,8,17,52.6,5,7,14-02-24,Low,35
EMP0319,37,6,0,Male,Bachelor Degree,Married,Yes,Suburban,Product,Lead,Medium (201-1000),Healthcare,Excellent,Fast (50-100 Mbps),50,High,Weekly,77,88.4,91.3,95,7,52,100,6,4,19-02-24,High,98
EMP0320,33,5,1,Female,Bachelor Degree,Married,No,Suburban,Sales,Senior,Medium (201-1000),Retail,Good,Very Fast (100+ Mbps),30,Moderate,Bi-weekly,64.4,74.1,56.8,95,12,43,82.8,3,7,09-04-24,High,67.9
EMP0321,35,5,3,Female,Bachelor Degree,Married,Yes,Suburban,Operations,Mid-Level,Startup (1-50),Healthcare,Average,Very Fast (100+ Mbps),46,Very Low,Monthly,73.2,84.6,73.3,90.1,7,19,100,3,6,17-03-24,Medium,81.3
EMP0322,40,6,3,Female,Associate Degree,Married,No,Suburban,Product,Senior,Small (51-200),Technology,Good,Very Fast (100+ Mbps),47,Moderate,Weekly,93.4,94,76.4,88.4,6,44,100,5,2,11-02-24,High,86.8
EMP0323,27,2,1,Male,Bachelor Degree,Married,No,Rural,Engineering,Junior,Medium (201-1000),Media,Excellent,Very Fast (100+ Mbps),49,Moderate,Daily,61.5,74.9,63.1,76.8,8,31,83.2,6,6,24-03-24,High,73.3
EMP0324,53,17,3,Male,Bachelor Degree,In Relationship,Yes,Urban,Marketing,Manager,Small (51-200),Finance,Good,Very Fast (100+ Mbps),49,Very High,Weekly,87.4,87.6,79.3,95,9,31,100,3,6,31-01-24,Medium,95.6
EMP0325,25,2,5,Male,Associate Degree,Single,Yes,Urban,Data Science,Junior,Small (51-200),Manufacturing,Good,Fast (50-100 Mbps),57,High,Few times per week,90,89.1,84.2,95,12,0,100,6,6,16-04-24,High,89
EMP0326,24,0,5,Male,Master Degree,Married,Yes,Suburban,Marketing,Mid-Level,Medium (201-1000),Media,Good,Very Fast (100+ Mbps),44,Low,Bi-weekly,90.8,98.7,78.5,95,8,0,100,4,7,13-05-24,High,94.5
EMP0327,45,9,5,Female,Bachelor Degree,Married,No,Urban,Engineering,Senior,Medium (201-1000),Finance,Average,Fast (50-100 Mbps),47,Moderate,Bi-weekly,90,94.4,73.8,95,9,0,86.8,7,2,06-05-24,High,98
EMP0328,42,7,5,Male,Master Degree,Divorced,Yes,Suburban,Sales,Senior,Large (1001-5000),Consulting,Excellent,Fast (50-100 Mbps),42,Moderate,Monthly,58.4,55.8,59.5,69.1,5,0,75.4,1,8,28-03-24,Medium,57.5
EMP0329,40,0,3,Female,Bachelor Degree,In Relationship,No,Rural,Product,Junior,Enterprise (5000+),Retail,Average,Slow (<25 Mbps),37,Low,Bi-weekly,91.6,91.6,76,95,7,7,75.1,8,7,28-03-24,High,91.5
EMP0330,40,9,4,Male,Master Degree,Married,No,Suburban,Design,Lead,Large (1001-5000),Media,Average,Fast (50-100 Mbps),46,Very High,Few times per week,86.1,93.5,68.4,95,8,18,100,7,2,15-03-24,Low,87.5
EMP0331,34,0,3,Male,Associate Degree,Single,Yes,Urban,Design,Junior,Medium (201-1000),Technology,Average,Slow (<25 Mbps),47,Moderate,Weekly,98.1,82.8,94.5,95,4,8,100,6,10,15-02-24,High,88.6
EMP0332,26,0,4,Male,Master Degree,Married,Yes,Urban,Finance,Junior,Large (1001-5000),Government,Good,Very Fast (100+ Mbps),44,High,Monthly,100,100,86.5,95,9,8,100,7,6,24-04-24,Medium,98
EMP0333,35,10,2,Male,Associate Degree,Married,No,Urban,Marketing,Senior,Medium (201-1000),Technology,Good,Very Fast (100+ Mbps),32,Moderate,Few times per week,100,97.8,83.1,95,9,31,87.3,5,10,15-03-24,Medium,98
EMP0334,28,1,4,Male,Bachelor Degree,In Relationship,No,Suburban,Engineering,Junior,Small (51-200),Manufacturing,Good,Fast (50-100 Mbps),33,Very High,Weekly,73.4,80.4,82.2,91.4,7,16,100,4,4,27-04-24,High,71.8
EMP0335,43,10,3,Male,Master Degree,Married,No,Urban,Engineering,Senior,Small (51-200),Finance,Average,Very Fast (100+ Mbps),46,Low,Bi-weekly,61.5,86.9,71.4,90.9,8,39,100,1,2,07-03-24,High,78.9
EMP0336,33,9,0,Male,Bachelor Degree,Married,Yes,Urban,Engineering,Senior,Large (1001-5000),Technology,Good,Fast (50-100 Mbps),39,Moderate,Few times per week,67.2,76.8,64.2,95,6,22,93.6,6,7,08-02-24,High,80.2
EMP0337,27,1,4,Female,Bachelor Degree,Married,Yes,Urban,Engineering,Junior,Large (1001-5000),Technology,Good,Very Fast (100+ Mbps),44,High,Daily,84.6,100,87,95,5,32,100,5,9,27-01-24,Medium,91.6
EMP0338,32,7,0,Female,Master Degree,Married,No,Rural,Product,Lead,Enterprise (5000+),Finance,Good,Fast (50-100 Mbps),44,Moderate,Daily,65.2,64.2,68.3,84.6,15,20,100,4,3,27-01-24,Low,70.6
EMP0339,38,1,2,Male,Master Degree,Divorced,No,Suburban,Customer Success,Junior,Medium (201-1000),Finance,Average,Moderate (25-50 Mbps),41,Moderate,Daily,53.1,50,42.6,74.2,3,34,56.7,8,8,08-04-24,High,51.4
EMP0340,29,1,0,Male,High School,Single,No,Rural,Operations,Junior,Large (1001-5000),Technology,Excellent,Very Fast (100+ Mbps),40,High,Few times per week,91.4,97.7,86.3,95,8,13,100,7,3,10-03-24,Low,94.7
EMP0341,27,2,2,Female,Bachelor Degree,Married,Yes,Suburban,Data Science,Junior,Startup (1-50),Technology,Poor,Slow (<25 Mbps),41,Very High,Few times per week,65.4,72.4,80.7,89.4,12,48,100,10,8,29-02-24,High,71.8
EMP0342,37,12,0,Non-binary,Associate Degree,In Relationship,Yes,Suburban,Design,Senior,Medium (201-1000),Finance,Excellent,Very Fast (100+ Mbps),45,High,Few times per week,86.9,98.7,90.6,95,11,64,100,7,7,09-03-24,High,98
EMP0343,37,7,5,Female,Bachelor Degree,Single,Yes,Urban,Finance,Lead,Enterprise (5000+),Finance,Good,Very Fast (100+ Mbps),44,Very High,Few times per week,95.6,100,76.3,95,6,0,100,8,8,07-03-24,High,98
EMP0344,30,2,3,Male,PhD,Married,No,Urban,Marketing,Junior,Small (51-200),Finance,Good,Fast (50-100 Mbps),37,Moderate,Monthly,89.2,88.9,86.4,95,7,7,100,3,6,14-03-24,Medium,98
EMP0345,30,3,3,Female,Bachelor Degree,Married,Yes,Suburban,Engineering,Mid-Level,Small (51-200),Consulting,Excellent,Moderate (25-50 Mbps),41,High,Daily,97.9,93.8,79.6,95,6,33,100,7,9,04-05-24,High,98
EMP0346,37,10,2,Female,Bachelor Degree,Married,No,Suburban,Marketing,Lead,Small (51-200),Education,Average,Fast (50-100 Mbps),35,High,Bi-weekly,90,100,89.7,95,16,66,100,3,5,17-04-24,High,98
EMP0347,22,0,4,Male,Professional Degree,Single,No,Urban,Engineering,Junior,Large (1001-5000),Technology,Good,Fast (50-100 Mbps),45,Moderate,Daily,93.2,100,79.9,95,5,12,79.9,3,5,21-01-24,Medium,96.4
EMP0348,22,0,4,Female,Bachelor Degree,Married,Yes,Urban,Sales,Mid-Level,Startup (1-50),Healthcare,Excellent,Very Fast (100+ Mbps),39,Very Low,Few times per week,77,75.1,70.2,84.6,3,46,85.6,8,10,10-04-24,High,68.2
EMP0349,28,0,4,Male,Master Degree,Married,Yes,Suburban,Design,Junior,Medium (201-1000),Manufacturing,Average,Very Fast (100+ Mbps),46,Moderate,Few times per week,98.5,93.9,92.4,95,6,25,100,5,4,07-04-24,Medium,98
EMP0350,33,5,4,Non-binary,Bachelor Degree,Single,No,Urban,Sales,Senior,Startup (1-50),Technology,Average,Very Fast (100+ Mbps),40,Moderate,Weekly,51.1,52.7,43.9,73,2,23,100,5,7,06-04-24,Low,62.2
EMP0351,37,9,5,Female,Bachelor Degree,Married,Yes,Suburban,Engineering,Mid-Level,Medium (201-1000),Finance,Poor,Very Fast (100+ Mbps),48,High,Few times per week,97.9,95.7,91,95,10,0,100,4,7,27-01-24,High,98
EMP0352,48,19,5,Female,Bachelor Degree,Single,Yes,Urban,Operations,Manager,Enterprise (5000+),Healthcare,Good,Slow (<25 Mbps),49,Very High,Daily,100,98,92.7,95,6,0,100,6,5,22-01-24,Low,98
EMP0353,42,8,4,Female,Associate Degree,Married,Yes,Urban,Operations,Mid-Level,Small (51-200),Government,Good,Moderate (25-50 Mbps),44,Very High,Few times per week,100,100,82.6,95,7,20,100,4,5,06-03-24,High,98
EMP0354,33,3,2,Female,Bachelor Degree,Divorced,No,Urban,Engineering,Mid-Level,Startup (1-50),Healthcare,Excellent,Very Fast (100+ Mbps),39,Moderate,Daily,100,94,82.1,95,6,29,100,6,5,17-04-24,Medium,98
EMP0355,34,4,4,Female,Bachelor Degree,Single,No,Suburban,Engineering,Senior,Medium (201-1000),Retail,Average,Fast (50-100 Mbps),36,High,Few times per week,84.3,92.4,95,95,8,6,100,7,8,27-02-24,Medium,88.6
EMP0356,25,1,3,Female,High School,Single,No,Suburban,Data Science,Junior,Medium (201-1000),Finance,Good,Fast (50-100 Mbps),47,High,Few times per week,87.9,84.1,95,95,9,16,100,7,6,26-04-24,High,85.6
EMP0357,34,2,4,Female,Bachelor Degree,Divorced,No,Urban,Engineering,Junior,Small (51-200),Manufacturing,Poor,Very Fast (100+ Mbps),41,Low,Few times per week,48.5,55,48.2,72.7,8,57,79.6,5,6,04-05-24,Medium,60.7
EMP0358,32,7,4,Female,Bachelor Degree,Married,No,Rural,Customer Success,Senior,Medium (201-1000),Finance,Average,Very Fast (100+ Mbps),42,High,Weekly,94.5,100,80,95,5,3,100,7,7,28-01-24,High,94.7
EMP0359,37,6,4,Female,Bachelor Degree,Single,No,Urban,Marketing,Lead,Enterprise (5000+),Finance,Poor,Fast (50-100 Mbps),39,Low,Bi-weekly,95.5,87.2,56.7,95,7,27,100,4,6,15-02-24,High,85.5
EMP0360,27,1,4,Non-binary,Bachelor Degree,Married,No,Urban,Marketing,Junior,Small (51-200),Healthcare,Poor,Fast (50-100 Mbps),33,Low,Few times per week,40,50,36.8,55.3,6,23,70.5,8,6,08-02-24,Medium,35
EMP0361,39,9,0,Female,Master Degree,Single,Yes,Suburban,Sales,Senior,Small (51-200),Media,Good,Very Fast (100+ Mbps),48,Very High,Daily,98.7,85.3,91.5,95,6,31,100,1,7,08-02-24,High,98
EMP0362,48,10,0,Female,Associate Degree,Single,Yes,Urban,HR,Senior,Medium (201-1000),Technology,Excellent,Moderate (25-50 Mbps),41,Low,Weekly,85.3,86.6,86.3,95,11,19,71.8,9,6,23-03-24,High,84
EMP0363,34,3,2,Male,Bachelor Degree,In Relationship,No,Suburban,Product,Senior,Medium (201-1000),Technology,Excellent,Fast (50-100 Mbps),30,Very High,Few times per week,93.2,95.5,79.4,95,6,0,100,5,5,12-03-24,High,89.6
EMP0364,38,1,5,Female,Master Degree,Married,No,Rural,Engineering,Junior,Startup (1-50),Retail,Good,Very Fast (100+ Mbps),41,Low,Few times per week,83.1,80.8,60.4,92.9,8,0,100,5,8,01-02-24,High,75.6
EMP0365,41,6,4,Male,Bachelor Degree,Married,Yes,Suburban,Engineering,Senior,Medium (201-1000),Education,Good,Very Fast (100+ Mbps),33,High,Few times per week,98.9,87.9,95,95,3,29,100,6,3,09-03-24,Low,93.9
EMP0366,31,3,4,Male,Master Degree,Single,No,Suburban,Engineering,Junior,Enterprise (5000+),Technology,Excellent,Fast (50-100 Mbps),45,Moderate,Weekly,77.4,75.1,83.9,95,6,15,100,8,10,07-02-24,High,83.7
EMP0367,37,6,4,Male,Master Degree,Single,Yes,Suburban,Customer Success,Senior,Small (51-200),Technology,Good,Fast (50-100 Mbps),44,Moderate,Bi-weekly,63.3,86.5,77.5,95,5,26,100,5,7,19-02-24,Medium,80.9
EMP0368,35,5,4,Female,Associate Degree,Divorced,Yes,Urban,Marketing,Senior,Medium (201-1000),Finance,Good,Fast (50-100 Mbps),51,Moderate,Monthly,65.9,66,55.2,74.7,10,13,87,3,5,14-03-24,High,65.3
EMP0369,35,1,5,Female,High School,Single,No,Suburban,Engineering,Junior,Startup (1-50),Healthcare,Excellent,Very Fast (100+ Mbps),33,Moderate,Bi-weekly,100,86.9,93.4,95,8,0,100,5,4,15-02-24,Medium,98
EMP0370,28,2,4,Female,PhD,Married,Yes,Urban,Sales,Junior,Medium (201-1000),Consulting,Good,Very Fast (100+ Mbps),50,Low,Weekly,67.9,69.2,48.3,84.2,10,32,79.6,1,5,05-05-24,Medium,71.4
EMP0371,35,9,4,Female,Bachelor Degree,Single,No,Rural,Marketing,Senior,Medium (201-1000),Technology,Excellent,Very Fast (100+ Mbps),45,Low,Bi-weekly,80,91.6,65.9,90.6,17,24,90.7,4,9,12-05-24,High,79.5
EMP0372,39,2,4,Female,Master Degree,Married,Yes,Urban,Customer Success,Junior,Medium (201-1000),Media,Good,Very Fast (100+ Mbps),33,Moderate,Daily,47.6,58.9,40.7,78.4,4,27,79.2,2,8,24-01-24,Medium,50.8
EMP0373,48,9,2,Female,Bachelor Degree,Single,Yes,Suburban,Operations,Lead,Medium (201-1000),Finance,Excellent,Fast (50-100 Mbps),52,Moderate,Weekly,100,100,88.9,95,3,45,96.4,5,4,11-03-24,High,98
EMP0374,43,6,4,Male,Bachelor Degree,Married,No,Rural,Engineering,Senior,Small (51-200),Technology,Average,Very Fast (100+ Mbps),41,High,Daily,100,85.9,86.6,95,11,25,100,2,7,27-04-24,Medium,98
EMP0375,54,3,3,Male,Associate Degree,Divorced,No,Suburban,Engineering,Senior,Large (1001-5000),Healthcare,Excellent,Very Fast (100+ Mbps),34,Moderate,Weekly,73.7,86.6,58.5,95,11,13,100,10,9,04-05-24,High,81.7
EMP0376,28,1,1,Male,Bachelor Degree,Married,Yes,Rural,Sales,Junior,Medium (201-1000),Education,Average,Very Fast (100+ Mbps),48,Moderate,Daily,62.3,64.2,49.5,91.3,8,52,83.9,7,8,03-05-24,Medium,68.6
EMP0377,42,3,4,Female,Bachelor Degree,Single,No,Suburban,Engineering,Senior,Small (51-200),Technology,Good,Fast (50-100 Mbps),35,Moderate,Few times per week,72.4,78.3,66.7,94.6,13,52,99.9,5,7,25-03-24,High,75.1
EMP0378,36,1,3,Female,Master Degree,Married,No,Urban,HR,Mid-Level,Enterprise (5000+),Retail,Good,Fast (50-100 Mbps),48,Moderate,Daily,75.3,78.1,73.4,94.9,13,30,100,7,5,27-01-24,High,80.5
EMP0379,54,27,5,Male,Master Degree,Single,Yes,Suburban,Sales,Lead,Startup (1-50),Manufacturing,Good,Moderate (25-50 Mbps),40,High,Few times per week,68.4,61.7,54.3,79.5,11,0,100,5,9,21-01-24,High,52.9
EMP0380,27,2,2,Non-binary,Master Degree,Married,Yes,Urban,Sales,Mid-Level,Large (1001-5000),Technology,Good,Moderate (25-50 Mbps),39,High,Few times per week,76.8,79.4,59.5,95,10,0,100,6,9,07-04-24,High,80.5
EMP0381,27,2,3,Male,Bachelor Degree,Married,No,Urban,Marketing,Mid-Level,Medium (201-1000),Technology,Excellent,Fast (50-100 Mbps),34,Very High,Daily,100,100,92.4,95,7,12,100,8,5,24-03-24,High,98
EMP0382,29,4,3,Male,Master Degree,Single,No,Suburban,Finance,Mid-Level,Medium (201-1000),Technology,Average,Very Fast (100+ Mbps),35,Moderate,Weekly,98.7,97.7,86.3,95,6,21,100,7,6,01-05-24,High,98
EMP0383,22,1,1,Male,Master Degree,Married,Yes,Suburban,Operations,Mid-Level,Small (51-200),Manufacturing,Average,Fast (50-100 Mbps),42,High,Bi-weekly,89.2,89,79.9,95,8,27,100,3,3,16-01-24,High,86.7
EMP0384,30,0,3,Male,PhD,Married,Yes,Suburban,Customer Success,Junior,Small (51-200),Technology,Poor,Very Fast (100+ Mbps),32,Moderate,Weekly,59.9,61.6,64.2,79.6,12,1,79.4,2,7,26-01-24,Medium,57.5
EMP0385,28,2,2,Male,Bachelor Degree,In Relationship,Yes,Rural,Operations,Junior,Startup (1-50),Manufacturing,Average,Fast (50-100 Mbps),46,Very High,Weekly,94.9,84.7,74,95,4,19,100,6,3,12-05-24,High,84.7
EMP0386,36,6,1,Male,Master Degree,Married,Yes,Suburban,HR,Senior,Large (1001-5000),Healthcare,Good,Fast (50-100 Mbps),38,High,Weekly,82,99.9,86.6,95,15,34,100,4,9,20-04-24,High,98
EMP0387,38,11,2,Female,Bachelor Degree,Single,No,Urban,Finance,Lead,Large (1001-5000),Manufacturing,Good,Fast (50-100 Mbps),39,High,Bi-weekly,100,98.9,80.3,95,7,39,100,10,9,02-05-24,High,98
EMP0388,51,17,2,Male,Bachelor Degree,Married,No,Suburban,Engineering,Lead,Large (1001-5000),Healthcare,Average,Very Fast (100+ Mbps),45,High,Few times per week,68.7,71.2,52.9,77,5,34,100,1,5,14-02-24,High,60.7
EMP0389,43,6,4,Female,Professional Degree,Married,Yes,Suburban,Engineering,Lead,Large (1001-5000),Finance,Average,Slow (<25 Mbps),40,Very High,Few times per week,86.8,87.5,84.8,95,8,11,100,7,8,05-02-24,High,84.4
EMP0390,29,0,0,Female,High School,Married,No,Rural,Product,Mid-Level,Enterprise (5000+),Media,Good,Fast (50-100 Mbps),49,Moderate,Bi-weekly,56.1,54.2,35.5,71.9,7,10,78.9,2,6,07-03-24,High,54.1
EMP0391,26,0,4,Male,Bachelor Degree,Married,No,Urban,Design,Junior,Medium (201-1000),Retail,Average,Fast (50-100 Mbps),29,Very High,Daily,67.3,86.5,74.1,95,10,17,100,6,8,17-03-24,High,74.7
EMP0392,39,3,4,Female,Master Degree,Married,No,Urban,Finance,Mid-Level,Large (1001-5000),Healthcare,Good,Very Fast (100+ Mbps),46,Very High,Daily,92.9,99.9,95,95,7,17,100,5,3,16-03-24,High,97.3
EMP0393,23,0,3,Male,Associate Degree,Single,No,Suburban,Finance,Junior,Startup (1-50),Education,Good,Very Fast (100+ Mbps),42,Low,Weekly,64.8,60.5,55.4,73.1,9,31,92.9,6,6,11-02-24,Medium,57.7
EMP0394,51,8,5,Female,Master Degree,Single,No,Urban,Engineering,Senior,Large (1001-5000),Education,Poor,Very Fast (100+ Mbps),38,High,Daily,100,98.2,76.2,95,7,0,100,7,6,04-05-24,High,98
EMP0395,45,0,4,Female,Master Degree,Married,No,Suburban,Marketing,Junior,Large (1001-5000),Finance,Poor,Very Fast (100+ Mbps),47,Moderate,Few times per week,81.1,76.2,72.6,95,12,6,72.1,2,5,06-03-24,Medium,90.4
EMP0396,30,1,4,Male,High School,Married,Yes,Urban,Data Science,Junior,Startup (1-50),Finance,Average,Fast (50-100 Mbps),45,Low,Daily,53.6,50,54.5,75.8,12,27,58.2,6,5,09-05-24,High,55.9
EMP0397,22,0,1,Female,Bachelor Degree,In Relationship,No,Urban,Customer Success,Junior,Medium (201-1000),Finance,Good,Moderate (25-50 Mbps),43,Moderate,Weekly,81.5,63.1,72.2,84.2,11,33,78.4,9,7,22-01-24,High,63.1
EMP0398,47,7,4,Female,Master Degree,Married,No,Suburban,Sales,Mid-Level,Enterprise (5000+),Non-profit,Excellent,Very Fast (100+ Mbps),40,Moderate,Monthly,100,84.4,83.9,95,10,18,100,4,5,05-02-24,Medium,95.5
EMP0399,33,4,4,Female,Bachelor Degree,Divorced,Yes,Urban,Sales,Senior,Small (51-200),Education,Excellent,Fast (50-100 Mbps),37,High,Daily,93.7,99.5,76.5,95,10,30,100,3,7,03-03-24,High,94.9
EMP0400,46,17,2,Female,PhD,Divorced,Yes,Suburban,Marketing,Manager,Small (51-200),Technology,Average,Very Fast (100+ Mbps),35,High,Daily,94.2,100,88.6,95,10,25,100,7,6,15-01-24,High,94.8
EMP0401,22,0,2,Male,Master Degree,Divorced,Yes,Urban,Sales,Mid-Level,Small (51-200),Healthcare,Good,Very Fast (100+ Mbps),50,High,Daily,93.4,83,81.2,94.2,5,55,100,7,5,04-03-24,High,89.1
EMP0402,29,3,3,Female,Bachelor Degree,Single,No,Urban,Sales,Mid-Level,Small (51-200),Technology,Good,Moderate (25-50 Mbps),46,Very High,Weekly,87.3,95.1,74.8,95,9,35,100,5,8,17-02-24,High,98
EMP0403,35,2,4,Male,Associate Degree,In Relationship,No,Urban,Operations,Junior,Startup (1-50),Technology,Good,Fast (50-100 Mbps),45,High,Few times per week,82,94.3,70.7,95,7,14,100,8,6,12-05-24,High,86.4
EMP0404,35,8,3,Male,PhD,Single,No,Suburban,Engineering,Senior,Small (51-200),Finance,Good,Fast (50-100 Mbps),39,Moderate,Few times per week,94.3,79.9,78.2,95,6,48,100,6,1,24-04-24,High,86.3
EMP0405,30,2,4,Male,Bachelor Degree,Single,Yes,Urban,HR,Junior,Small (51-200),Healthcare,Good,Very Fast (100+ Mbps),54,High,Daily,90,93.6,83.3,95,10,0,100,6,8,24-04-24,High,95.6
EMP0406,40,1,1,Male,Associate Degree,Married,No,Suburban,HR,Junior,Large (1001-5000),Non-profit,Average,Very Fast (100+ Mbps),37,Moderate,Few times per week,78.5,93,86.4,95,3,65,100,8,5,13-03-24,Medium,86.5
EMP0407,25,0,4,Female,Master Degree,Single,Yes,Suburban,Customer Success,Junior,Small (51-200),Non-profit,Excellent,Very Fast (100+ Mbps),39,Moderate,Daily,79.4,77.5,72.6,95,6,45,100,3,8,20-02-24,High,84
EMP0408,33,1,2,Female,Master Degree,Single,No,Suburban,Customer Success,Junior,Medium (201-1000),Technology,Average,Very Fast (100+ Mbps),52,Very High,Few times per week,83.4,98.7,70.9,95,7,13,100,4,7,09-03-24,High,87
EMP0409,36,2,2,Female,Master Degree,Married,Yes,Suburban,Operations,Junior,Medium (201-1000),Healthcare,Good,Very Fast (100+ Mbps),41,Very High,Daily,93.5,100,69.9,95,11,28,100,5,9,13-04-24,Medium,98
EMP0410,39,5,3,Male,Bachelor Degree,Single,No,Urban,HR,Junior,Startup (1-50),Consulting,Average,Fast (50-100 Mbps),52,High,Few times per week,100,99.8,80.4,95,5,8,100,3,6,17-04-24,High,96.9
EMP0411,41,11,0,Female,Master Degree,Married,No,Urban,Marketing,Lead,Enterprise (5000+),Technology,Poor,Very Fast (100+ Mbps),44,Moderate,Few times per week,44.1,50,43.9,71.2,8,25,61.7,10,4,24-04-24,High,42.9
EMP0412,24,1,0,Female,Master Degree,Single,No,Suburban,Design,Junior,Large (1001-5000),Manufacturing,Good,Very Fast (100+ Mbps),38,High,Daily,95.2,76.8,51.1,95,9,62,100,5,1,26-03-24,High,80.9
EMP0413,22,0,2,Male,Master Degree,Married,No,Urban,Engineering,Junior,Medium (201-1000),Consulting,Excellent,Fast (50-100 Mbps),40,Moderate,Daily,100,83.6,85.9,95,11,31,100,9,8,08-04-24,Medium,97.2
EMP0414,46,5,3,Male,PhD,In Relationship,No,Suburban,Product,Mid-Level,Medium (201-1000),Education,Excellent,Moderate (25-50 Mbps),37,Moderate,Weekly,89.2,97.5,73.8,95,7,0,92.8,6,8,15-04-24,High,98
EMP0415,37,1,5,Female,Bachelor Degree,Married,Yes,Suburban,Engineering,Junior,Medium (201-1000),Finance,Excellent,Slow (<25 Mbps),46,Moderate,Few times per week,96.9,94,56.7,95,12,0,100,9,4,17-03-24,High,90.3
EMP0416,28,1,4,Female,Master Degree,Married,No,Urban,Engineering,Mid-Level,Small (51-200),Media,Average,Moderate (25-50 Mbps),49,Very High,Bi-weekly,87.6,86.8,91.1,95,6,35,100,5,10,03-02-24,Medium,91.8
EMP0417,48,5,3,Female,PhD,In Relationship,No,Suburban,Marketing,Mid-Level,Startup (1-50),Media,Excellent,Very Fast (100+ Mbps),44,Moderate,Daily,100,99.1,94.1,95,13,28,91.6,8,9,08-02-24,Medium,93.4
EMP0418,36,6,0,Female,Bachelor Degree,Single,Yes,Rural,Operations,Senior,Medium (201-1000),Retail,Excellent,Very Fast (100+ Mbps),43,Very High,Daily,100,93.2,88,95,5,11,100,7,6,21-02-24,Medium,95.2
EMP0419,45,9,3,Female,High School,Married,No,Urban,Engineering,Lead,Enterprise (5000+),Finance,Average,Moderate (25-50 Mbps),35,Very High,Daily,77.8,89,82.9,95,4,48,100,9,4,11-02-24,Low,98
EMP0420,35,3,4,Male,Master Degree,Divorced,No,Suburban,Operations,Mid-Level,Small (51-200),Manufacturing,Good,Moderate (25-50 Mbps),48,High,Daily,87.6,92.8,84.5,95,5,35,100,6,5,22-01-24,High,86.3
EMP0421,53,17,2,Female,Bachelor Degree,In Relationship,No,Urban,Customer Success,Manager,Medium (201-1000),Finance,Good,Fast (50-100 Mbps),47,Moderate,Daily,82.6,93.1,74.6,95,6,28,100,4,9,29-03-24,High,95.8
EMP0422,50,14,1,Male,High School,Married,No,Suburban,Engineering,Lead,Startup (1-50),Technology,Good,Very Fast (100+ Mbps),43,Very Low,Daily,66.7,61.9,54.2,73.3,12,39,100,6,7,18-04-24,High,58.3
EMP0423,32,6,2,Female,Bachelor Degree,Single,No,Rural,Operations,Senior,Startup (1-50),Healthcare,Average,Very Fast (100+ Mbps),40,High,Few times per week,100,100,95,95,3,60,100,3,9,24-03-24,High,97.8
EMP0424,43,2,4,Female,Bachelor Degree,Divorced,No,Suburban,Sales,Junior,Medium (201-1000),Non-profit,Excellent,Moderate (25-50 Mbps),42,Moderate,Weekly,88.9,83.4,49.9,93.9,4,33,86.8,5,2,22-01-24,Medium,80.9
EMP0425,40,7,2,Female,Bachelor Degree,Single,No,Suburban,Marketing,Senior,Small (51-200),Manufacturing,Good,Very Fast (100+ Mbps),36,High,Weekly,100,82.1,82.6,95,8,5,100,7,10,19-04-24,Low,98
EMP0426,47,9,4,Non-binary,Bachelor Degree,Married,No,Rural,Finance,Lead,Enterprise (5000+),Retail,Average,Fast (50-100 Mbps),33,Moderate,Few times per week,80.3,64.6,57.6,70.1,4,13,73.8,1,7,24-02-24,Medium,58.8
EMP0427,26,0,2,Male,PhD,Married,No,Suburban,Sales,Junior,Medium (201-1000),Healthcare,Good,Slow (<25 Mbps),40,High,Few times per week,62.2,73.4,70,80.5,6,0,100,6,4,22-01-24,High,66.3
EMP0428,41,12,1,Female,Master Degree,Married,Yes,Suburban,Data Science,Senior,Small (51-200),Finance,Average,Fast (50-100 Mbps),36,High,Weekly,96.3,100,91.4,95,8,30,100,7,6,21-01-24,High,98
EMP0429,44,2,3,Female,Master Degree,Married,Yes,Suburban,Operations,Junior,Medium (201-1000),Consulting,Average,Very Fast (100+ Mbps),38,Moderate,Few times per week,78.5,84.2,64.7,95,7,0,100,8,8,29-03-24,High,82.5
EMP0430,22,1,3,Non-binary,Associate Degree,Divorced,Yes,Suburban,Customer Success,Junior,Large (1001-5000),Healthcare,Average,Very Fast (100+ Mbps),39,Moderate,Weekly,86.7,82,74.2,95,11,26,97.6,7,4,16-03-24,Medium,81.9
EMP0431,24,0,0,Female,Master Degree,Married,No,Suburban,Finance,Junior,Startup (1-50),Consulting,Average,Very Fast (100+ Mbps),41,Very High,Monthly,82.5,75.3,83.3,95,7,51,100,5,7,19-03-24,High,84.2
EMP0432,22,0,1,Male,Master Degree,Single,No,Rural,Customer Success,Mid-Level,Medium (201-1000),Healthcare,Average,Fast (50-100 Mbps),41,Moderate,Bi-weekly,79.2,81.2,75.7,95,8,31,100,7,7,11-05-24,High,83.2
EMP0433,32,3,1,Female,Master Degree,Married,No,Suburban,Engineering,Senior,Large (1001-5000),Manufacturing,Average,Fast (50-100 Mbps),25,High,Few times per week,87.2,78.1,73.3,95,7,9,100,6,6,03-05-24,High,82.4
EMP0434,41,2,1,Female,Bachelor Degree,Married,No,Suburban,Engineering,Junior,Startup (1-50),Consulting,Average,Very Fast (100+ Mbps),44,Very High,Few times per week,71.9,76.9,52.7,82.5,9,33,100,6,7,22-03-24,Medium,69.5
EMP0435,48,12,2,Male,Bachelor Degree,Married,Yes,Urban,Marketing,Senior,Enterprise (5000+),Finance,Good,Very Fast (100+ Mbps),42,High,Weekly,86.3,100,93.3,95,11,39,100,3,8,04-02-24,High,98
EMP0436,35,7,5,Female,Master Degree,In Relationship,No,Suburban,Customer Success,Lead,Small (51-200),Technology,Excellent,Very Fast (100+ Mbps),47,Low,Daily,95.9,100,72.9,95,11,0,100,6,10,22-01-24,Medium,98
EMP0437,49,14,3,Female,Master Degree,Divorced,No,Suburban,Engineering,Lead,Small (51-200),Technology,Good,Slow (<25 Mbps),40,Low,Weekly,69,72.8,55.4,88.8,8,38,50.8,8,7,20-03-24,Medium,61.7
EMP0438,22,0,4,Female,Master Degree,Married,Yes,Suburban,Data Science,Junior,Medium (201-1000),Media,Excellent,Moderate (25-50 Mbps),48,Very High,Few times per week,100,96.8,93.7,95,8,14,100,5,7,25-01-24,Medium,98
EMP0439,22,1,2,Male,Bachelor Degree,Single,Yes,Urban,Engineering,Junior,Small (51-200),Retail,Good,Very Fast (100+ Mbps),41,Moderate,Weekly,68.4,69,59,74.8,6,44,87.2,7,5,02-05-24,High,65.5
EMP0440,34,5,2,Female,Bachelor Degree,Married,No,Rural,Engineering,Senior,Large (1001-5000),Retail,Good,Moderate (25-50 Mbps),44,Moderate,Daily,75.1,100,87.9,95,7,11,100,8,6,07-02-24,High,90.6
EMP0441,38,7,0,Female,Master Degree,Divorced,Yes,Urban,Engineering,Mid-Level,Medium (201-1000),Finance,Poor,Fast (50-100 Mbps),36,Low,Daily,96.6,98.1,82.9,95,3,16,99.3,6,9,23-01-24,High,90.7
EMP0442,34,7,3,Female,Associate Degree,Married,No,Urban,Operations,Senior,Startup (1-50),Retail,Poor,Fast (50-100 Mbps),48,Low,Few times per week,76.8,68,60.3,87.8,7,43,90.2,3,3,31-03-24,High,73
EMP0443,22,1,3,Male,Master Degree,Divorced,Yes,Suburban,Product,Mid-Level,Enterprise (5000+),Education,Average,Fast (50-100 Mbps),49,Moderate,Few times per week,74,61.8,77.1,79.9,7,53,100,2,5,23-01-24,High,68.3
EMP0444,34,5,1,Male,Professional Degree,Married,No,Suburban,Engineering,Mid-Level,Large (1001-5000),Technology,Poor,Fast (50-100 Mbps),53,Very High,Daily,92.3,89,92.1,95,11,19,100,7,5,10-04-24,Low,90
EMP0445,23,0,4,Female,Master Degree,Married,Yes,Urban,Operations,Junior,Medium (201-1000),Government,Poor,Very Fast (100+ Mbps),38,High,Few times per week,60.1,52.1,37.7,67.7,12,42,98.6,2,3,04-05-24,High,51.1
EMP0446,41,10,3,Female,Bachelor Degree,Married,Yes,Suburban,Engineering,Senior,Medium (201-1000),Finance,Average,Fast (50-100 Mbps),45,Moderate,Daily,80.3,86.7,71,92.7,9,35,100,10,7,14-02-24,High,87.6
EMP0447,38,14,2,Male,Bachelor Degree,Married,No,Urban,Operations,Lead,Startup (1-50),Finance,Excellent,Moderate (25-50 Mbps),33,Low,Few times per week,89.2,94.6,84.7,95,12,25,81.7,3,9,06-03-24,High,98
EMP0448,26,0,1,Male,Master Degree,Divorced,No,Urban,Engineering,Junior,Large (1001-5000),Finance,Good,Very Fast (100+ Mbps),30,High,Few times per week,55.2,69.7,71.2,85.6,9,33,100,7,2,30-01-24,High,65.7
EMP0449,30,4,3,Male,Master Degree,Single,No,Urban,Marketing,Mid-Level,Large (1001-5000),Technology,Good,Very Fast (100+ Mbps),45,Moderate,Daily,58.9,60.8,56.4,67.7,7,32,98.1,8,5,14-05-24,Medium,57.3
EMP0450,25,1,4,Female,Bachelor Degree,Single,Yes,Rural,Finance,Junior,Startup (1-50),Education,Excellent,Very Fast (100+ Mbps),41,Moderate,Few times per week,70.6,80,81.1,92.9,11,34,87.2,5,9,07-05-24,Low,72.8
EMP0451,34,2,2,Male,Bachelor Degree,Married,Yes,Urban,Operations,Mid-Level,Medium (201-1000),Technology,Average,Very Fast (100+ Mbps),34,Very High,Daily,82.8,80.8,75.4,92.6,9,61,100,6,6,27-03-24,High,77.3
EMP0452,43,11,2,Male,Bachelor Degree,Single,No,Urban,Engineering,Manager,Medium (201-1000),Manufacturing,Excellent,Very Fast (100+ Mbps),43,Moderate,Weekly,87,94.1,95,95,12,16,100,9,9,15-02-24,High,91.7
EMP0453,26,0,3,Male,Master Degree,Married,Yes,Suburban,Engineering,Mid-Level,Small (51-200),Finance,Good,Fast (50-100 Mbps),47,High,Daily,100,100,95,95,10,38,100,9,9,29-03-24,High,98
EMP0454,39,6,1,Female,Master Degree,Single,Yes,Suburban,Finance,Mid-Level,Large (1001-5000),Healthcare,Excellent,Very Fast (100+ Mbps),42,Moderate,Weekly,86.6,89,91.2,95,2,49,97.1,9,10,31-03-24,High,90.3
EMP0455,30,2,4,Male,PhD,Single,No,Suburban,Customer Success,Junior,Startup (1-50),Education,Good,Very Fast (100+ Mbps),49,Moderate,Daily,53.4,65.6,66.5,77.6,12,47,90.9,5,6,20-01-24,Medium,64.2
EMP0456,27,2,4,Male,Bachelor Degree,Married,Yes,Suburban,Product,Junior,Small (51-200),Manufacturing,Good,Moderate (25-50 Mbps),38,Very Low,Few times per week,67.3,63.5,48.7,71.5,11,20,100,2,6,03-04-24,High,58.2
EMP0457,34,4,1,Female,Master Degree,Married,Yes,Suburban,Customer Success,Senior,Startup (1-50),Technology,Average,Fast (50-100 Mbps),48,Low,Few times per week,71.4,76.4,61.4,82.4,10,57,82.9,3,8,25-01-24,Medium,71.2
EMP0458,25,1,0,Male,Bachelor Degree,Single,Yes,Urban,Data Science,Mid-Level,Medium (201-1000),Government,Good,Very Fast (100+ Mbps),39,Very High,Daily,72.4,71.9,73.4,85.3,12,64,100,3,7,08-03-24,Medium,76.2
EMP0459,30,4,4,Male,Bachelor Degree,Single,No,Suburban,Sales,Senior,Small (51-200),Education,Good,Very Fast (100+ Mbps),49,Very High,Daily,95.7,93.1,86.9,95,9,29,100,7,7,08-04-24,Medium,98
EMP0460,24,0,2,Female,Master Degree,Single,Yes,Suburban,Sales,Junior,Large (1001-5000),Technology,Average,Fast (50-100 Mbps),34,Moderate,Daily,40,50,35.8,64.6,10,39,88.9,8,7,29-03-24,High,35
EMP0461,52,12,1,Male,Bachelor Degree,Married,No,Urban,Engineering,Senior,Large (1001-5000),Finance,Average,Fast (50-100 Mbps),43,Moderate,Daily,100,92.6,93.4,95,11,34,96.5,2,6,27-03-24,Medium,98
EMP0462,35,10,4,Female,Bachelor Degree,Single,Yes,Urban,Marketing,Lead,Startup (1-50),Finance,Good,Very Fast (100+ Mbps),43,Moderate,Few times per week,62.6,74.6,53.8,72.6,3,37,92.2,8,5,21-03-24,Medium,63.3
EMP0463,28,2,2,Male,Master Degree,Married,No,Suburban,Finance,Junior,Large (1001-5000),Manufacturing,Excellent,Moderate (25-50 Mbps),44,High,Few times per week,92.6,77.8,53.2,91.2,9,57,100,7,7,24-02-24,High,73.7
EMP0464,36,4,3,Female,Bachelor Degree,Married,Yes,Urban,Customer Success,Junior,Large (1001-5000),Finance,Excellent,Fast (50-100 Mbps),39,Moderate,Daily,70,59.3,53.1,77.6,9,34,87,6,5,13-05-24,Medium,57.7
EMP0465,33,6,2,Male,Associate Degree,Married,No,Rural,Engineering,Lead,Small (51-200),Finance,Average,Moderate (25-50 Mbps),44,High,Few times per week,80.6,92,81.3,95,6,48,100,10,6,17-02-24,High,89.7
EMP0466,33,3,4,Female,Bachelor Degree,Married,No,Suburban,Marketing,Mid-Level,Startup (1-50),Technology,Good,Very Fast (100+ Mbps),40,High,Monthly,88,81.5,58.2,94.1,9,14,100,4,7,10-02-24,Medium,74.8
EMP0467,40,14,2,Male,Bachelor Degree,Married,No,Urban,Finance,Senior,Startup (1-50),Technology,Excellent,Very Fast (100+ Mbps),38,Very High,Bi-weekly,83.1,93.5,95,95,11,22,100,4,7,09-04-24,High,96.5
EMP0468,41,13,5,Male,Master Degree,In Relationship,No,Urban,Operations,Lead,Small (51-200),Retail,Excellent,Very Fast (100+ Mbps),50,Low,Daily,77.3,99.9,79,95,8,0,67.9,5,7,15-04-24,High,86.2
EMP0469,30,1,4,Female,Bachelor Degree,Married,No,Rural,Engineering,Junior,Large (1001-5000),Education,Average,Very Fast (100+ Mbps),42,Moderate,Daily,61.7,62.3,58.1,79.2,10,6,50.8,6,7,24-02-24,Medium,62
EMP0470,29,1,1,Non-binary,Master Degree,Married,Yes,Urban,Customer Success,Junior,Medium (201-1000),Technology,Good,Very Fast (100+ Mbps),32,Very Low,Few times per week,48.2,50,43.2,52.2,10,75,90.4,5,6,14-02-24,High,35
EMP0471,32,5,3,Male,Associate Degree,Married,No,Suburban,Engineering,Mid-Level,Enterprise (5000+),Technology,Good,Very Fast (100+ Mbps),37,Moderate,Daily,79.4,84.7,68,94.9,9,19,100,8,7,17-02-24,High,83.6
EMP0472,22,1,3,Female,Bachelor Degree,Single,No,Suburban,Product,Mid-Level,Large (1001-5000),Finance,Good,Fast (50-100 Mbps),50,Very High,Daily,76.7,92.4,71,95,7,35,100,8,3,05-03-24,High,81.4
EMP0473,22,1,3,Male,Bachelor Degree,Married,No,Suburban,Design,Junior,Small (51-200),Retail,Excellent,Very Fast (100+ Mbps),36,Moderate,Daily,92,97.5,80.2,95,7,10,94.8,9,6,31-01-24,High,86.2
EMP0474,47,6,4,Female,Master Degree,Divorced,Yes,Suburban,Sales,Senior,Large (1001-5000),Consulting,Good,Very Fast (100+ Mbps),45,Very High,Daily,100,97.9,95,95,11,17,100,8,7,09-04-24,High,98
EMP0475,49,7,3,Male,Bachelor Degree,Married,No,Urban,Sales,Mid-Level,Startup (1-50),Technology,Good,Moderate (25-50 Mbps),37,Moderate,Few times per week,92.2,100,84.2,95,13,7,100,6,6,06-04-24,Medium,98
EMP0476,32,3,0,Female,Master Degree,Married,No,Urban,HR,Mid-Level,Startup (1-50),Finance,Good,Very Fast (100+ Mbps),33,High,Few times per week,83.8,93.1,87.5,95,13,18,100,6,1,22-02-24,Medium,92.3
EMP0477,40,10,4,Male,Bachelor Degree,Married,No,Suburban,Marketing,Senior,Medium (201-1000),Finance,Average,Fast (50-100 Mbps),44,Moderate,Daily,75.7,83.2,66.6,95,8,26,100,4,7,13-03-24,High,82.2
EMP0478,37,6,0,Male,Professional Degree,Single,Yes,Rural,Engineering,Lead,Small (51-200),Media,Good,Fast (50-100 Mbps),40,Moderate,Few times per week,50,50,49,76.3,14,41,90.9,4,6,24-02-24,High,50.9
EMP0479,62,11,4,Male,Master Degree,Single,Yes,Urban,Product,Senior,Small (51-200),Healthcare,Average,Slow (<25 Mbps),51,High,Few times per week,72.6,96.4,75.5,95,7,25,100,10,4,12-05-24,High,92
EMP0480,45,4,4,Male,Master Degree,Divorced,No,Suburban,Marketing,Mid-Level,Large (1001-5000),Technology,Excellent,Moderate (25-50 Mbps),48,Very High,Few times per week,100,96.7,68,95,9,13,100,4,10,20-04-24,High,98
EMP0481,33,7,2,Female,Master Degree,In Relationship,No,Urban,Engineering,Lead,Large (1001-5000),Finance,Good,Very Fast (100+ Mbps),49,High,Monthly,92.7,93.3,82.2,95,12,31,100,6,9,13-05-24,High,84.1
EMP0482,26,0,2,Non-binary,Master Degree,Married,No,Rural,Operations,Junior,Small (51-200),Finance,Excellent,Moderate (25-50 Mbps),48,Very Low,Monthly,46.1,51.2,30.9,57.3,6,52,73.9,5,4,24-01-24,High,42.4
EMP0483,22,1,4,Female,Master Degree,In Relationship,No,Suburban,Engineering,Junior,Small (51-200),Education,Average,Very Fast (100+ Mbps),46,High,Few times per week,96.1,95.2,95,95,5,42,100,7,7,16-01-24,High,98
EMP0484,36,2,4,Male,Bachelor Degree,Married,No,Urban,Engineering,Junior,Medium (201-1000),Technology,Good,Fast (50-100 Mbps),33,Moderate,Weekly,84.6,96.6,82.1,95,15,35,84.5,5,6,13-03-24,High,84.2
EMP0485,28,4,2,Male,Associate Degree,Single,No,Urban,Marketing,Mid-Level,Large (1001-5000),Finance,Good,Very Fast (100+ Mbps),40,Very High,Daily,75.5,96.3,62.9,95,3,41,100,7,5,03-04-24,High,92.4
EMP0486,22,0,2,Female,Master Degree,Married,No,Urban,Sales,Junior,Small (51-200),Education,Average,Fast (50-100 Mbps),46,High,Few times per week,86.6,94.5,84.7,95,9,28,100,9,7,27-03-24,High,95.9
EMP0487,29,1,3,Non-binary,Bachelor Degree,Single,No,Suburban,Operations,Junior,Enterprise (5000+),Technology,Poor,Fast (50-100 Mbps),40,Moderate,Weekly,82.1,69.6,62.3,95,5,14,100,4,6,27-01-24,High,79.6
EMP0488,25,0,0,Male,Bachelor Degree,Divorced,Yes,Urban,Data Science,Junior,Large (1001-5000),Education,Excellent,Fast (50-100 Mbps),41,Moderate,Few times per week,74.9,81.6,57.7,95,7,33,96.9,5,9,24-01-24,High,79.1
EMP0489,50,15,1,Female,Bachelor Degree,In Relationship,Yes,Urban,Customer Success,Manager,Medium (201-1000),Finance,Excellent,Fast (50-100 Mbps),46,Moderate,Daily,100,92.1,95,95,6,38,100,5,7,23-03-24,High,95.3
EMP0490,42,13,1,Non-binary,Bachelor Degree,Divorced,No,Rural,Engineering,Lead,Enterprise (5000+),Manufacturing,Excellent,Very Fast (100+ Mbps),48,Moderate,Daily,100,91.3,82.1,95,4,55,100,5,6,11-02-24,High,98
EMP0491,34,1,1,Female,Master Degree,Married,No,Suburban,Engineering,Junior,Enterprise (5000+),Technology,Average,Very Fast (100+ Mbps),36,Moderate,Few times per week,75.2,84.6,62.6,95,8,22,100,5,6,19-03-24,Medium,74.7
EMP0492,48,17,3,Male,High School,Married,Yes,Suburban,Operations,Manager,Startup (1-50),Media,Excellent,Fast (50-100 Mbps),46,High,Few times per week,99.7,95,81.7,95,9,9,100,6,2,17-02-24,Medium,98
EMP0493,35,6,5,Male,PhD,Single,Yes,Urban,Operations,Senior,Startup (1-50),Technology,Good,Very Fast (100+ Mbps),45,Very High,Monthly,84.1,100,83.4,95,12,0,100,6,4,31-01-24,High,96.3
EMP0494,27,1,4,Female,PhD,Married,No,Urban,Product,Junior,Large (1001-5000),Technology,Good,Very Fast (100+ Mbps),36,High,Daily,97.4,95.6,94.2,95,9,0,100,6,2,13-05-24,High,97.6
EMP0495,48,9,0,Female,PhD,Married,Yes,Urban,Operations,Senior,Enterprise (5000+),Consulting,Good,Fast (50-100 Mbps),39,Very High,Bi-weekly,72.6,60.8,64.9,80.8,11,56,100,8,3,28-02-24,Low,73.5
EMP0496,39,2,3,Male,Bachelor Degree,Married,No,Suburban,Engineering,Mid-Level,Large (1001-5000),Consulting,Excellent,Moderate (25-50 Mbps),42,Low,Daily,64.1,64.6,45.1,82.3,8,23,84.8,3,3,06-05-24,High,64.4
EMP0497,25,0,3,Male,Bachelor Degree,In Relationship,No,Suburban,Marketing,Mid-Level,Medium (201-1000),Technology,Good,Very Fast (100+ Mbps),50,Moderate,Bi-weekly,91.1,94.9,95,95,13,1,96.4,4,1,23-01-24,High,98
EMP0498,33,6,1,Female,PhD,Divorced,Yes,Rural,Customer Success,Mid-Level,Large (1001-5000),Media,Excellent,Fast (50-100 Mbps),39,High,Weekly,100,95.2,95,95,10,23,100,6,8,06-05-24,High,98
EMP0499,27,0,5,Female,Master Degree,Single,No,Suburban,Design,Junior,Small (51-200),Technology,Excellent,Very Fast (100+ Mbps),44,Low,Daily,82.3,76.4,60.5,95,10,0,100,5,6,15-02-24,High,79.7
EMP0500,22,1,3,Male,Master Degree,Single,No,Urban,Engineering,Junior,Enterprise (5000+),Education,Good,Very Fast (100+ Mbps),49,Low,Daily,100,90.7,79.9,95,11,14,100,4,8,02-03-24,Low,97.8
EMP0501,43,13,5,Female,Bachelor Degree,Married,No,Rural,Marketing,Senior,Medium (201-1000),Technology,Average,Very Fast (100+ Mbps),53,High,Daily,88.2,100,85.6,95,9,0,100,7,4,20-02-24,High,98
EMP0502,52,9,3,Female,Bachelor Degree,Single,Yes,Urban,Engineering,Lead,Enterprise (5000+),Finance,Excellent,Fast (50-100 Mbps),43,Low,Monthly,100,100,78.3,95,9,17,100,6,8,04-02-24,Medium,98
EMP0503,22,1,4,Female,Master Degree,Married,Yes,Urban,Marketing,Mid-Level,Medium (201-1000),Healthcare,Good,Fast (50-100 Mbps),29,Very High,Few times per week,97.1,86.6,76.5,95,10,34,100,4,3,11-03-24,High,93.8
EMP0504,40,5,1,Male,Bachelor Degree,Married,No,Urban,Engineering,Mid-Level,Enterprise (5000+),Education,Excellent,Very Fast (100+ Mbps),47,Low,Weekly,82.2,84.9,82.2,95,5,13,88.2,4,5,30-04-24,High,85.1
EMP0505,29,3,3,Female,Master Degree,Single,Yes,Suburban,Design,Junior,Small (51-200),Healthcare,Average,Fast (50-100 Mbps),43,High,Daily,92.2,94.3,66.9,95,4,37,100,7,6,24-03-24,High,85
EMP0506,30,0,2,Female,Master Degree,Married,Yes,Suburban,Operations,Junior,Large (1001-5000),Healthcare,Average,Very Fast (100+ Mbps),36,Moderate,Bi-weekly,89,79.3,71.5,92.6,15,21,88.4,5,5,14-04-24,High,74.5
EMP0507,29,2,4,Male,Master Degree,Married,Yes,Urban,Customer Success,Junior,Enterprise (5000+),Government,Average,Very Fast (100+ Mbps),46,High,Daily,66.1,67.3,62.4,79.7,13,13,100,4,4,22-02-24,High,66.4
EMP0508,27,1,4,Female,Bachelor Degree,Divorced,Yes,Urban,Data Science,Mid-Level,Medium (201-1000),Technology,Good,Fast (50-100 Mbps),53,Very Low,Daily,42.1,50,30,43.4,3,7,71.4,9,7,02-04-24,High,35
EMP0509,35,0,4,Male,Bachelor Degree,Single,Yes,Suburban,Engineering,Junior,Large (1001-5000),Technology,Good,Very Fast (100+ Mbps),43,Very High,Daily,72.4,76.5,60.5,95,2,23,100,3,1,27-04-24,High,83
EMP0510,27,3,4,Male,Professional Degree,Divorced,Yes,Rural,Finance,Mid-Level,Startup (1-50),Retail,Average,Very Fast (100+ Mbps),32,High,Few times per week,85.3,81.2,89.7,95,6,29,100,3,8,07-04-24,High,82.5
EMP0511,37,5,4,Male,Master Degree,Married,No,Urban,Product,Mid-Level,Medium (201-1000),Technology,Excellent,Fast (50-100 Mbps),50,Moderate,Daily,88.9,93.4,77,95,6,18,77,7,2,22-03-24,High,87.9
EMP0512,34,1,2,Male,Master Degree,Married,No,Suburban,Operations,Junior,Large (1001-5000),Healthcare,Good,Fast (50-100 Mbps),42,Moderate,Few times per week,100,100,77.5,95,8,33,100,5,10,16-01-24,Medium,98
EMP0513,32,2,3,Male,Master Degree,Single,Yes,Urban,Operations,Junior,Small (51-200),Healthcare,Average,Moderate (25-50 Mbps),46,Moderate,Daily,89.2,99.1,81.5,95,8,20,100,7,8,09-04-24,Medium,93.4
EMP0514,26,1,4,Female,Master Degree,Married,No,Urban,Sales,Mid-Level,Large (1001-5000),Finance,Good,Very Fast (100+ Mbps),42,Moderate,Few times per week,43,50,35.8,55.9,8,38,54.9,6,6,28-04-24,High,40.3
EMP0515,29,0,4,Male,Master Degree,Married,Yes,Urban,Finance,Junior,Large (1001-5000),Government,Good,Very Fast (100+ Mbps),44,Moderate,Few times per week,67.5,80.9,58.6,90.2,5,21,86.5,2,4,25-03-24,High,72.4
EMP0516,41,3,4,Non-binary,Bachelor Degree,Married,No,Urban,Sales,Mid-Level,Small (51-200),Technology,Average,Moderate (25-50 Mbps),45,High,Daily,53,56.4,33.9,70.6,6,25,100,7,9,22-02-24,High,50.2
EMP0517,39,8,2,Female,Bachelor Degree,Married,Yes,Urban,Marketing,Mid-Level,Small (51-200),Technology,Excellent,Very Fast (100+ Mbps),46,High,Daily,94.4,100,95,95,7,65,100,8,7,13-05-24,High,98
EMP0518,26,2,1,Male,Bachelor Degree,Married,Yes,Rural,Engineering,Junior,Medium (201-1000),Technology,Good,Fast (50-100 Mbps),42,High,Weekly,64.9,87.3,54.8,83.7,7,88,100,6,6,08-04-24,Low,71.3
EMP0519,35,1,5,Male,High School,Divorced,No,Urban,Engineering,Junior,Startup (1-50),Technology,Good,Moderate (25-50 Mbps),37,Low,Daily,95.3,93.6,90.8,95,10,0,100,5,5,28-01-24,Medium,96.1
EMP0520,41,11,3,Female,Bachelor Degree,Single,Yes,Urban,Engineering,Lead,Enterprise (5000+),Finance,Excellent,Fast (50-100 Mbps),43,High,Daily,100,99,85.1,95,3,12,100,1,7,14-05-24,High,98
EMP0521,22,0,1,Female,Bachelor Degree,Divorced,No,Urban,Engineering,Junior,Large (1001-5000),Retail,Excellent,Very Fast (100+ Mbps),46,High,Weekly,91.2,100,81.6,95,7,62,100,8,6,06-05-24,High,98
EMP0522,39,2,4,Male,Master Degree,Single,Yes,Suburban,Marketing,Junior,Small (51-200),Retail,Good,Moderate (25-50 Mbps),37,Moderate,Daily,80.1,71.8,54.4,87.5,4,10,81.4,7,6,01-02-24,High,72.9
EMP0523,29,2,5,Male,Bachelor Degree,Divorced,Yes,Rural,Engineering,Junior,Small (51-200),Consulting,Excellent,Fast (50-100 Mbps),35,High,Few times per week,97.2,91.2,92.8,95,6,0,100,2,8,17-02-24,High,98
EMP0524,40,7,1,Female,Associate Degree,In Relationship,No,Urban,Engineering,Mid-Level,Large (1001-5000),Technology,Good,Fast (50-100 Mbps),49,High,Daily,87,92.8,76.8,95,9,49,100,8,10,29-01-24,High,98
EMP0525,28,3,4,Male,Associate Degree,Married,No,Suburban,HR,Senior,Medium (201-1000),Technology,Good,Fast (50-100 Mbps),52,Moderate,Daily,58.8,81.6,55.2,89.2,14,51,98.5,2,10,07-05-24,High,72.6
EMP0526,22,1,5,Female,Master Degree,Married,Yes,Urban,HR,Junior,Small (51-200),Non-profit,Excellent,Very Fast (100+ Mbps),42,High,Weekly,76,61.4,76.8,72.2,9,0,100,7,9,28-01-24,High,67.2
EMP0527,22,0,5,Female,High School,Married,Yes,Suburban,HR,Mid-Level,Medium (201-1000),Technology,Good,Very Fast (100+ Mbps),45,Moderate,Daily,53.2,59.1,54.3,75,11,0,83.3,7,8,19-04-24,High,54.8
EMP0528,35,0,5,Male,Bachelor Degree,Single,Yes,Urban,Design,Junior,Large (1001-5000),Government,Excellent,Moderate (25-50 Mbps),44,High,Few times per week,98.3,94.7,71.3,95,10,0,100,8,6,25-03-24,High,92.9
EMP0529,37,7,3,Male,Associate Degree,Married,No,Suburban,Engineering,Lead,Startup (1-50),Consulting,Good,Very Fast (100+ Mbps),28,High,Weekly,89.2,100,72.4,95,5,34,100,4,3,03-02-24,High,98
EMP0530,26,1,2,Male,Master Degree,Married,No,Suburban,Engineering,Junior,Small (51-200),Media,Good,Very Fast (100+ Mbps),43,Low,Daily,70.9,77.1,65.7,94.9,14,34,80.8,6,7,18-02-24,High,77.2
EMP0531,40,6,0,Female,PhD,Divorced,Yes,Suburban,Sales,Lead,Enterprise (5000+),Finance,Average,Very Fast (100+ Mbps),50,High,Few times per week,64.8,83.7,83.6,90.7,8,0,100,6,6,20-02-24,High,76.6
EMP0532,22,1,0,Male,PhD,Divorced,No,Urban,Product,Junior,Startup (1-50),Technology,Good,Very Fast (100+ Mbps),34,High,Bi-weekly,96.7,94.7,60.9,95,10,23,100,2,7,01-04-24,High,84.1
EMP0533,34,1,3,Male,Bachelor Degree,Married,Yes,Urban,HR,Junior,Large (1001-5000),Education,Good,Fast (50-100 Mbps),34,Low,Few times per week,100,100,88.5,95,8,15,100,6,5,10-02-24,High,95.1
EMP0534,24,0,3,Female,Master Degree,Married,Yes,Suburban,Sales,Junior,Medium (201-1000),Retail,Average,Slow (<25 Mbps),37,Very High,Daily,88,84.2,68.7,93.9,6,14,100,4,8,15-04-24,High,77.4
EMP0535,29,3,1,Male,Bachelor Degree,Married,Yes,Suburban,Engineering,Senior,Small (51-200),Technology,Good,Very Fast (100+ Mbps),39,Very High,Few times per week,100,100,81.9,95,4,35,100,5,4,27-02-24,High,98
EMP0536,35,3,3,Female,Bachelor Degree,Married,No,Urban,Operations,Senior,Startup (1-50),Manufacturing,Good,Fast (50-100 Mbps),46,High,Daily,58.3,54,43.6,66.9,7,28,100,4,8,10-02-24,High,54.7
EMP0537,27,2,1,Female,Bachelor Degree,Married,Yes,Suburban,Engineering,Mid-Level,Startup (1-50),Technology,Average,Fast (50-100 Mbps),49,Moderate,Daily,53.7,50,44.8,61.4,14,0,61.4,2,9,11-04-24,Low,41.4
EMP0538,31,4,4,Female,Associate Degree,Married,No,Suburban,Marketing,Senior,Small (51-200),Healthcare,Excellent,Fast (50-100 Mbps),49,High,Weekly,92.1,96.5,83.7,95,18,0,100,4,9,05-04-24,High,90.9
EMP0539,44,4,2,Female,Master Degree,In Relationship,No,Urban,Design,Senior,Startup (1-50),Consulting,Poor,Very Fast (100+ Mbps),45,Moderate,Daily,87.7,93.5,72.7,95,8,59,77.3,4,6,03-05-24,Medium,78.9
EMP0540,29,1,3,Female,Bachelor Degree,Married,Yes,Urban,Operations,Junior,Small (51-200),Technology,Average,Fast (50-100 Mbps),32,Very High,Daily,87.8,100,87.4,95,8,19,100,6,6,17-02-24,High,93.9
EMP0541,42,5,3,Male,Bachelor Degree,Married,Yes,Rural,Design,Junior,Startup (1-50),Technology,Good,Slow (<25 Mbps),32,High,Few times per week,100,97.8,75.4,95,9,15,100,3,8,19-03-24,High,98
EMP0542,24,1,0,Male,Bachelor Degree,Married,Yes,Urban,Sales,Junior,Large (1001-5000),Technology,Average,Very Fast (100+ Mbps),46,Moderate,Monthly,47.7,50,34.6,60.1,3,41,63.5,9,7,17-03-24,High,49
EMP0543,39,6,5,Male,Bachelor Degree,Married,No,Rural,Operations,Senior,Large (1001-5000),Technology,Average,Fast (50-100 Mbps),32,High,Daily,100,100,95,95,7,0,100,4,7,16-02-24,High,98
EMP0544,47,1,3,Female,Master Degree,Married,No,Urban,Product,Junior,Large (1001-5000),Technology,Poor,Slow (<25 Mbps),45,High,Daily,72.6,77.3,62.6,80.5,10,43,100,7,10,09-05-24,High,72.3
EMP0545,22,1,2,Male,Master Degree,Married,Yes,Urban,Operations,Junior,Medium (201-1000),Technology,Average,Fast (50-100 Mbps),43,Moderate,Few times per week,96.1,86.8,87.3,95,10,0,100,4,6,10-05-24,High,87.3
EMP0546,27,2,1,Non-binary,Master Degree,Single,Yes,Suburban,Operations,Junior,Enterprise (5000+),Technology,Average,Fast (50-100 Mbps),39,Very Low,Few times per week,52.4,51.6,52.7,66.7,5,9,89.4,7,5,02-05-24,High,45.1
EMP0547,40,2,2,Female,Bachelor Degree,Married,Yes,Urban,Finance,Junior,Startup (1-50),Consulting,Excellent,Slow (<25 Mbps),26,Very High,Few times per week,71.8,85.1,88.9,95,9,24,100,3,7,21-01-24,High,80.1
EMP0548,33,4,0,Male,Associate Degree,Married,Yes,Urban,Product,Mid-Level,Startup (1-50),Media,Good,Very Fast (100+ Mbps),43,High,Bi-weekly,75.7,67.8,60.8,95,11,61,100,7,6,26-01-24,Low,73
EMP0549,38,1,2,Female,Bachelor Degree,Married,No,Urban,Engineering,Junior,Small (51-200),Finance,Excellent,Fast (50-100 Mbps),45,High,Daily,90.6,91.9,85.2,95,3,68,100,5,5,05-04-24,High,95.2
EMP0550,29,4,3,Male,PhD,Married,Yes,Suburban,Sales,Mid-Level,Large (1001-5000),Technology,Good,Very Fast (100+ Mbps),38,Moderate,Daily,99.4,96.1,93,95,8,25,100,6,4,09-03-24,Medium,94.7
EMP0551,35,3,5,Female,Professional Degree,Married,Yes,Suburban,Sales,Mid-Level,Large (1001-5000),Technology,Poor,Very Fast (100+ Mbps),35,Low,Daily,69.1,68.9,58.3,95,4,0,84.4,5,6,30-04-24,High,75.6
EMP0552,33,0,4,Female,Master Degree,Married,No,Urban,Product,Mid-Level,Medium (201-1000),Retail,Excellent,Fast (50-100 Mbps),43,Low,Weekly,69.9,68.4,67.1,79.7,2,31,78.4,5,10,19-02-24,High,74.4
EMP0553,45,7,1,Male,Bachelor Degree,Divorced,Yes,Urban,Design,Senior,Medium (201-1000),Retail,Average,Very Fast (100+ Mbps),33,High,Daily,100,85.1,65.6,95,6,22,100,1,4,20-01-24,High,98
EMP0554,37,8,1,Male,Associate Degree,Married,No,Suburban,Engineering,Lead,Large (1001-5000),Government,Excellent,Very Fast (100+ Mbps),45,High,Weekly,97.9,96.6,82.1,95,12,33,100,2,6,15-01-24,Medium,98
EMP0555,38,0,3,Female,Bachelor Degree,In Relationship,Yes,Urban,Engineering,Junior,Small (51-200),Technology,Excellent,Very Fast (100+ Mbps),48,High,Monthly,84,92.9,87.8,95,5,25,100,7,5,26-02-24,Medium,98
EMP0556,31,3,1,Female,Master Degree,Married,No,Urban,Design,Mid-Level,Medium (201-1000),Manufacturing,Good,Very Fast (100+ Mbps),30,High,Daily,98.9,97.9,84.2,95,10,11,100,4,9,22-04-24,High,98
EMP0557,30,0,0,Female,Master Degree,Married,Yes,Urban,Sales,Junior,Medium (201-1000),Healthcare,Excellent,Very Fast (100+ Mbps),38,Moderate,Monthly,76.4,75.5,53.9,83.6,11,41,95,6,6,31-01-24,High,68.9
EMP0558,31,0,4,Male,Master Degree,Married,No,Suburban,Engineering,Junior,Startup (1-50),Media,Poor,Moderate (25-50 Mbps),41,High,Daily,89.5,90,82.8,95,5,36,100,7,5,05-04-24,High,92.1
EMP0559,38,3,0,Male,Master Degree,Single,Yes,Urban,Engineering,Mid-Level,Startup (1-50),Education,Excellent,Very Fast (100+ Mbps),41,Moderate,Few times per week,96.8,96.2,70.2,95,9,47,90.4,7,6,17-02-24,High,98
EMP0560,31,0,4,Male,Associate Degree,Single,No,Suburban,Engineering,Junior,Large (1001-5000),Finance,Excellent,Fast (50-100 Mbps),36,Low,Weekly,84.1,73.7,57.1,78.1,1,10,89.4,6,4,04-02-24,High,69.7
EMP0561,37,5,1,Female,Associate Degree,Married,Yes,Suburban,Finance,Senior,Medium (201-1000),Education,Excellent,Fast (50-100 Mbps),33,High,Weekly,100,91.5,92,95,10,22,100,6,6,18-04-24,High,92.3
EMP0562,53,4,5,Male,High School,Married,No,Rural,Sales,Senior,Small (51-200),Consulting,Good,Very Fast (100+ Mbps),39,Moderate,Weekly,78.2,65,68.5,87.4,9,0,91.6,6,8,11-03-24,High,66
EMP0563,42,17,4,Male,Bachelor Degree,Married,Yes,Suburban,Marketing,Director,Medium (201-1000),Technology,Excellent,Moderate (25-50 Mbps),45,Very High,Few times per week,83.6,75.9,68,95,7,18,100,9,7,25-03-24,High,80.7
EMP0564,32,0,4,Female,Bachelor Degree,Married,No,Urban,Product,Mid-Level,Enterprise (5000+),Technology,Good,Moderate (25-50 Mbps),45,Very High,Bi-weekly,80.7,67.1,50.7,90.9,5,29,100,7,1,14-04-24,High,68.5
EMP0565,45,10,1,Female,Master Degree,Married,No,Suburban,Engineering,Senior,Medium (201-1000),Finance,Good,Very Fast (100+ Mbps),45,Very High,Weekly,82.2,90.2,64.3,93,7,39,100,5,6,09-03-24,High,76.6
EMP0566,31,4,5,Male,Master Degree,Married,No,Rural,Engineering,Mid-Level,Startup (1-50),Technology,Excellent,Slow (<25 Mbps),49,Very High,Daily,100,100,71.7,95,7,0,100,5,8,26-03-24,High,98
EMP0567,22,0,4,Female,Bachelor Degree,Married,No,Suburban,Customer Success,Junior,Medium (201-1000),Finance,Excellent,Fast (50-100 Mbps),35,High,Bi-weekly,76.2,85.9,68,85,9,42,100,3,7,16-01-24,Medium,74.1
EMP0568,25,1,4,Female,Bachelor Degree,Single,Yes,Urban,HR,Junior,Medium (201-1000),Non-profit,Average,Very Fast (100+ Mbps),39,Moderate,Monthly,63.7,67,52.1,88.7,11,27,94.3,10,6,29-01-24,High,64.2
EMP0569,22,0,3,Male,Associate Degree,Married,Yes,Urban,Engineering,Junior,Startup (1-50),Education,Good,Fast (50-100 Mbps),40,Moderate,Few times per week,72.9,70.1,64.3,90.8,8,44,100,8,6,24-01-24,Medium,67
EMP0570,31,1,4,Male,Master Degree,Married,No,Rural,Sales,Mid-Level,Small (51-200),Retail,Good,Fast (50-100 Mbps),25,Very High,Weekly,53.2,61.9,39.8,67.7,11,44,81.8,2,7,14-05-24,High,51.5
EMP0571,35,1,0,Male,Bachelor Degree,Married,Yes,Urban,Sales,Junior,Medium (201-1000),Retail,Average,Fast (50-100 Mbps),43,Low,Weekly,81.6,90.3,70.3,95,7,23,100,8,3,07-05-24,Medium,86.9
EMP0572,50,6,3,Female,Bachelor Degree,Single,Yes,Urban,Operations,Lead,Medium (201-1000),Consulting,Average,Fast (50-100 Mbps),41,Moderate,Weekly,81.6,74.7,76.8,93.3,11,26,98.3,3,8,12-04-24,Medium,71.9
EMP0573,37,5,4,Female,Master Degree,Single,Yes,Suburban,Engineering,Mid-Level,Small (51-200),Government,Average,Very Fast (100+ Mbps),35,Moderate,Daily,88.1,85.3,68,95,7,22,100,4,8,09-05-24,High,85.4
EMP0574,33,1,2,Male,Bachelor Degree,Married,Yes,Suburban,Marketing,Junior,Large (1001-5000),Education,Average,Slow (<25 Mbps),47,High,Few times per week,91.3,99.3,87.7,95,9,45,100,7,7,03-02-24,High,96.4
EMP0575,42,16,1,Male,Bachelor Degree,Married,No,Urban,Engineering,Manager,Enterprise (5000+),Healthcare,Excellent,Moderate (25-50 Mbps),46,Very High,Monthly,96,100,83.2,95,10,45,100,7,10,24-03-24,High,96.8
EMP0576,22,1,3,Female,Master Degree,Single,No,Suburban,Customer Success,Mid-Level,Enterprise (5000+),Finance,Excellent,Fast (50-100 Mbps),44,Moderate,Daily,82.4,71.4,68.2,92.3,10,32,100,6,7,19-01-24,High,75.9
EMP0577,37,8,4,Non-binary,Master Degree,Divorced,No,Suburban,Sales,Lead,Large (1001-5000),Finance,Good,Very Fast (100+ Mbps),31,Low,Weekly,57.2,72.7,56.6,88.2,6,24,100,9,2,30-04-24,High,65.1
EMP0578,41,6,1,Female,Master Degree,Single,Yes,Suburban,Marketing,Senior,Medium (201-1000),Finance,Average,Fast (50-100 Mbps),36,High,Few times per week,92,82.3,93.2,95,10,37,100,6,6,02-03-24,Medium,95.6
EMP0579,22,0,2,Non-binary,Bachelor Degree,Married,No,Suburban,Engineering,Junior,Large (1001-5000),Finance,Excellent,Fast (50-100 Mbps),43,Moderate,Daily,55.9,73.8,64.2,91.3,10,71,99.6,4,6,29-03-24,Medium,67.8
EMP0580,45,5,1,Female,Bachelor Degree,Single,No,Suburban,Engineering,Mid-Level,Large (1001-5000),Retail,Good,Moderate (25-50 Mbps),38,Very High,Daily,83.7,93.6,85.1,95,2,26,100,1,4,25-03-24,High,91.2
EMP0581,38,1,4,Female,Master Degree,Married,No,Rural,Finance,Junior,Large (1001-5000),Education,Average,Moderate (25-50 Mbps),40,Moderate,Weekly,100,94.2,70.3,95,10,17,87,8,7,02-02-24,Medium,94.6
EMP0582,31,2,0,Male,Bachelor Degree,Married,No,Suburban,HR,Mid-Level,Small (51-200),Technology,Good,Moderate (25-50 Mbps),35,Very High,Daily,92.7,86.1,83.6,95,7,20,100,5,6,10-03-24,Medium,86.2
EMP0583,40,6,4,Male,Master Degree,Married,No,Rural,Finance,Mid-Level,Startup (1-50),Government,Good,Very Fast (100+ Mbps),43,Moderate,Few times per week,86.9,87.6,84.1,95,6,34,100,7,4,31-01-24,High,90
EMP0584,55,23,2,Male,Master Degree,Married,Yes,Urban,HR,Manager,Enterprise (5000+),Finance,Good,Moderate (25-50 Mbps),51,Moderate,Few times per week,80,100,90.4,95,5,43,100,7,6,20-01-24,High,98
EMP0585,36,3,4,Female,Master Degree,Married,Yes,Urban,Engineering,Mid-Level,Enterprise (5000+),Healthcare,Excellent,Very Fast (100+ Mbps),43,High,Few times per week,99.6,100,95,95,12,26,100,2,8,23-02-24,High,98
EMP0586,37,1,5,Female,Bachelor Degree,Married,Yes,Urban,Finance,Mid-Level,Medium (201-1000),Retail,Good,Very Fast (100+ Mbps),47,Very High,Daily,95.1,100,94.2,95,3,0,100,8,6,01-03-24,High,98
EMP0587,30,5,1,Female,Bachelor Degree,Single,No,Suburban,Engineering,Mid-Level,Enterprise (5000+),Education,Excellent,Very Fast (100+ Mbps),47,Low,Weekly,83.8,60,88.3,95,8,24,95.3,5,5,09-05-24,High,79.8
EMP0588,27,2,2,Male,Bachelor Degree,Married,No,Suburban,Engineering,Junior,Large (1001-5000),Finance,Average,Moderate (25-50 Mbps),39,Moderate,Weekly,48.3,57.3,64.3,80.4,5,40,100,8,7,13-05-24,High,54.8
EMP0589,42,13,4,Male,Master Degree,Single,No,Urban,HR,Lead,Medium (201-1000),Manufacturing,Average,Moderate (25-50 Mbps),40,Moderate,Daily,96.2,100,82.2,95,5,33,99.7,6,8,25-04-24,High,98
EMP0590,27,1,2,Male,Bachelor Degree,Married,No,Urban,Product,Junior,Medium (201-1000),Technology,Good,Very Fast (100+ Mbps),50,Moderate,Few times per week,74.4,82.9,68.5,83.7,4,14,95.3,6,6,04-05-24,High,71.2
EMP0591,35,2,2,Male,Bachelor Degree,Married,No,Urban,Finance,Junior,Medium (201-1000),Healthcare,Average,Very Fast (100+ Mbps),46,Low,Few times per week,72.2,79.6,64.8,95,7,47,95,3,3,20-01-24,High,79.1
EMP0592,30,6,4,Female,Associate Degree,Divorced,No,Suburban,Customer Success,Lead,Medium (201-1000),Technology,Good,Slow (<25 Mbps),47,Very High,Daily,94.3,85.3,80.4,95,5,6,100,5,9,09-05-24,High,84.5
EMP0593,39,5,5,Female,Bachelor Degree,Married,No,Urban,Data Science,Senior,Enterprise (5000+),Education,Excellent,Fast (50-100 Mbps),42,Low,Bi-weekly,88,90.3,77.3,95,5,0,100,9,7,29-02-24,Medium,96.2
EMP0594,38,14,3,Male,Associate Degree,Married,Yes,Urban,Engineering,Lead,Medium (201-1000),Technology,Excellent,Fast (50-100 Mbps),39,High,Few times per week,100,93.4,79.6,95,9,53,100,9,10,10-02-24,High,98
EMP0595,44,1,2,Male,Bachelor Degree,Married,Yes,Suburban,Data Science,Junior,Large (1001-5000),Manufacturing,Good,Fast (50-100 Mbps),40,Very High,Daily,83.6,87.2,71.2,95,9,32,100,10,7,11-04-24,High,84.2
EMP0596,30,4,3,Female,Master Degree,Single,Yes,Urban,Operations,Senior,Large (1001-5000),Technology,Average,Fast (50-100 Mbps),50,Moderate,Daily,82.1,89.6,55.4,95,4,44,67.1,6,4,15-02-24,Medium,86.5
EMP0597,32,1,1,Male,High School,Single,Yes,Suburban,Customer Success,Junior,Startup (1-50),Media,Poor,Slow (<25 Mbps),41,Very Low,Few times per week,49,68.9,62.4,78,10,33,95.6,8,6,09-04-24,High,59.1
EMP0598,26,2,4,Female,Associate Degree,Married,No,Suburban,Finance,Junior,Startup (1-50),Consulting,Good,Very Fast (100+ Mbps),49,Very High,Daily,88.3,75.5,62.1,78.2,8,44,91.1,6,2,28-01-24,Low,70.4
EMP0599,31,5,4,Male,Master Degree,Married,Yes,Suburban,Operations,Mid-Level,Large (1001-5000),Finance,Good,Very Fast (100+ Mbps),50,High,Daily,53.4,56.5,49.5,72.1,7,48,100,9,6,29-02-24,High,56.3
EMP0600,38,1,5,Male,Master Degree,Single,No,Urban,Finance,Junior,Small (51-200),Finance,Good,Very Fast (100+ Mbps),47,Moderate,Daily,94.3,100,92.2,95,8,0,100,10,8,23-04-24,High,98
EMP0601,41,7,0,Male,Bachelor Degree,Married,Yes,Rural,Sales,Senior,Large (1001-5000),Retail,Good,Very Fast (100+ Mbps),46,High,Few times per week,91.4,100,75.5,95,11,44,100,8,7,26-03-24,High,98
EMP0602,26,0,3,Male,Associate Degree,Married,Yes,Suburban,Design,Mid-Level,Startup (1-50),Technology,Good,Fast (50-100 Mbps),52,Very Low,Daily,74.7,83.9,59.4,90.2,8,11,82.5,6,6,07-05-24,High,77.3
EMP0603,42,5,2,Female,Master Degree,Married,No,Urban,Engineering,Senior,Medium (201-1000),Technology,Average,Moderate (25-50 Mbps),36,Moderate,Bi-weekly,100,97.7,71.8,95,11,18,100,10,8,05-05-24,High,97.2
EMP0604,47,6,2,Male,Bachelor Degree,Married,No,Urban,Sales,Mid-Level,Startup (1-50),Technology,Average,Fast (50-100 Mbps),39,Moderate,Few times per week,96.3,100,92.5,95,5,41,100,10,4,07-03-24,Medium,98
EMP0605,38,13,4,Male,High School,Married,Yes,Urban,Engineering,Manager,Small (51-200),Healthcare,Good,Slow (<25 Mbps),34,High,Weekly,98.4,100,94.8,95,11,26,100,6,7,03-04-24,High,97.3
EMP0606,51,23,1,Male,Bachelor Degree,Single,No,Suburban,Engineering,Manager,Startup (1-50),Technology,Good,Moderate (25-50 Mbps),33,High,Weekly,99.1,92.6,75.7,95,12,53,100,5,7,19-04-24,Medium,93
EMP0607,28,4,4,Male,Associate Degree,Single,Yes,Suburban,Engineering,Mid-Level,Enterprise (5000+),Technology,Poor,Fast (50-100 Mbps),41,Moderate,Few times per week,85.8,90.7,66.2,92.2,8,23,83.5,4,9,03-02-24,Low,80.1
EMP0608,23,0,4,Male,Bachelor Degree,Married,No,Urban,Engineering,Junior,Medium (201-1000),Education,Average,Fast (50-100 Mbps),43,High,Weekly,84,79,90.4,95,6,31,100,7,4,12-05-24,High,90.7
EMP0609,22,1,5,Female,Master Degree,Married,No,Urban,Marketing,Junior,Enterprise (5000+),Technology,Good,Fast (50-100 Mbps),45,Moderate,Few times per week,89,91.2,76.4,95,15,0,100,2,7,13-05-24,Medium,89.2
EMP0610,48,2,4,Female,Master Degree,Married,Yes,Suburban,Marketing,Mid-Level,Enterprise (5000+),Technology,Good,Very Fast (100+ Mbps),37,High,Few times per week,74.4,63.5,48.7,85.9,8,25,100,7,2,14-02-24,Low,65.9
EMP0611,40,10,4,Female,Bachelor Degree,Single,No,Suburban,Engineering,Lead,Enterprise (5000+),Media,Average,Fast (50-100 Mbps),39,High,Few times per week,97.7,100,95,95,9,31,100,2,7,04-05-24,Low,98
EMP0612,34,0,3,Male,Bachelor Degree,Married,No,Suburban,Engineering,Mid-Level,Medium (201-1000),Education,Good,Fast (50-100 Mbps),47,Low,Weekly,83.3,76.9,81,95,13,30,100,4,7,04-02-24,High,80.9
EMP0613,37,2,1,Male,Master Degree,Single,No,Suburban,Design,Junior,Large (1001-5000),Finance,Good,Fast (50-100 Mbps),33,Moderate,Few times per week,88.1,62.8,49.4,81.8,9,51,66.6,6,8,26-04-24,High,65.4
EMP0614,24,0,3,Male,Bachelor Degree,Married,No,Suburban,Engineering,Junior,Small (51-200),Technology,Good,Fast (50-100 Mbps),42,Very High,Few times per week,100,87.4,78.5,95,6,30,100,3,5,27-04-24,High,98
EMP0615,57,5,3,Male,Bachelor Degree,Married,Yes,Suburban,Sales,Mid-Level,Startup (1-50),Education,Average,Very Fast (100+ Mbps),49,Low,Daily,75.3,92.4,71.1,95,10,46,100,2,7,06-02-24,Medium,96.2
EMP0616,36,6,4,Female,Master Degree,Married,No,Urban,Engineering,Lead,Large (1001-5000),Technology,Good,Fast (50-100 Mbps),40,Moderate,Few times per week,100,89.9,95,95,7,54,89,6,3,06-05-24,High,98
EMP0617,35,1,4,Female,Master Degree,In Relationship,No,Urban,Engineering,Junior,Startup (1-50),Government,Good,Very Fast (100+ Mbps),39,Moderate,Daily,95.4,100,80.4,95,10,41,100,8,5,07-03-24,High,98
EMP0618,41,9,3,Female,Bachelor Degree,Married,No,Suburban,Finance,Mid-Level,Enterprise (5000+),Retail,Average,Very Fast (100+ Mbps),49,High,Monthly,81.6,92.3,76.3,95,4,24,100,5,8,18-01-24,High,89.4
EMP0619,39,9,2,Male,Master Degree,Married,Yes,Urban,Sales,Senior,Large (1001-5000),Non-profit,Average,Fast (50-100 Mbps),33,High,Few times per week,96.1,100,95,95,8,52,100,4,9,06-02-24,High,98
EMP0620,37,4,1,Male,Bachelor Degree,Married,No,Urban,Marketing,Mid-Level,Medium (201-1000),Consulting,Average,Very Fast (100+ Mbps),37,Moderate,Daily,73.8,79.6,67.1,95,7,50,89.3,5,1,18-04-24,High,76.2
EMP0621,27,3,4,Female,Bachelor Degree,Single,No,Suburban,Engineering,Senior,Startup (1-50),Healthcare,Excellent,Moderate (25-50 Mbps),37,High,Daily,89.8,97,76.4,95,8,15,100,7,4,12-05-24,High,98
EMP0622,39,9,4,Male,High School,Divorced,No,Suburban,Finance,Lead,Large (1001-5000),Education,Good,Very Fast (100+ Mbps),46,Very High,Daily,89.9,100,80.9,95,8,54,100,2,5,26-02-24,High,98
EMP0623,51,5,4,Female,Master Degree,Married,Yes,Rural,HR,Senior,Medium (201-1000),Consulting,Good,Fast (50-100 Mbps),32,High,Daily,100,90.9,80.1,95,12,43,100,2,6,24-04-24,Medium,98
EMP0624,47,10,2,Female,Master Degree,Single,Yes,Suburban,Engineering,Lead,Large (1001-5000),Education,Excellent,Fast (50-100 Mbps),49,Very High,Bi-weekly,100,99.6,95,95,10,32,100,6,4,13-05-24,High,98
EMP0625,49,6,2,Female,Master Degree,Married,Yes,Rural,Engineering,Senior,Medium (201-1000),Technology,Average,Very Fast (100+ Mbps),41,Moderate,Bi-weekly,85.1,95.1,74.7,95,7,36,99.6,7,10,07-03-24,High,89.9
EMP0626,30,4,4,Female,Bachelor Degree,Single,No,Urban,Engineering,Mid-Level,Startup (1-50),Healthcare,Average,Very Fast (100+ Mbps),48,Very High,Monthly,75.7,69.9,40.3,70.5,7,7,100,6,6,26-04-24,High,66
EMP0627,26,2,4,Male,Associate Degree,In Relationship,No,Suburban,Finance,Junior,Small (51-200),Technology,Good,Fast (50-100 Mbps),49,High,Weekly,87.9,82.1,69.6,95,12,25,100,6,4,09-04-24,High,86.2
EMP0628,33,4,3,Male,Bachelor Degree,Divorced,No,Urban,Engineering,Senior,Small (51-200),Retail,Excellent,Very Fast (100+ Mbps),37,Low,Few times per week,100,98.8,94.3,95,13,32,100,4,8,04-05-24,High,98
EMP0629,35,1,4,Male,Bachelor Degree,Married,No,Urban,Marketing,Junior,Startup (1-50),Retail,Excellent,Very Fast (100+ Mbps),42,Moderate,Bi-weekly,100,80.3,85.5,94.5,5,22,93.1,6,7,18-04-24,Medium,88.3
EMP0630,44,4,2,Female,Bachelor Degree,Single,No,Urban,Engineering,Mid-Level,Startup (1-50),Non-profit,Good,Fast (50-100 Mbps),40,High,Bi-weekly,79.3,89.8,67.7,95,8,12,100,5,9,27-04-24,High,77.7
EMP0631,22,0,4,Male,PhD,Single,Yes,Suburban,Engineering,Junior,Small (51-200),Education,Excellent,Very Fast (100+ Mbps),41,Moderate,Bi-weekly,98.1,91.7,68.6,95,4,34,100,3,9,15-02-24,Medium,81.9
EMP0632,48,4,4,Female,Master Degree,Single,Yes,Urban,Engineering,Mid-Level,Large (1001-5000),Manufacturing,Good,Fast (50-100 Mbps),38,High,Bi-weekly,100,100,89.2,95,8,21,100,3,8,18-02-24,Medium,98
EMP0633,33,3,4,Female,Bachelor Degree,Single,No,Suburban,Sales,Mid-Level,Medium (201-1000),Technology,Good,Moderate (25-50 Mbps),48,Very High,Weekly,68.5,71,50.9,83.7,4,13,100,6,7,04-02-24,High,62.5
EMP0634,31,4,3,Female,High School,Married,No,Urban,Engineering,Mid-Level,Small (51-200),Finance,Average,Very Fast (100+ Mbps),40,Moderate,Daily,100,100,72,95,5,30,100,9,5,24-04-24,High,95
EMP0635,25,0,3,Male,High School,In Relationship,No,Urban,Sales,Mid-Level,Medium (201-1000),Media,Excellent,Very Fast (100+ Mbps),39,Moderate,Few times per week,76.6,75,69,95,3,8,100,3,6,13-04-24,High,79.8
EMP0636,22,0,4,Male,Master Degree,Married,No,Suburban,Operations,Junior,Medium (201-1000),Manufacturing,Good,Very Fast (100+ Mbps),48,Low,Few times per week,46.4,75.2,49.1,95,6,26,75.1,6,6,28-01-24,High,65.5
EMP0637,42,2,4,Female,Master Degree,Married,No,Rural,Sales,Junior,Medium (201-1000),Education,Average,Fast (50-100 Mbps),47,Moderate,Few times per week,61.7,65.9,51.1,72.6,15,43,63.1,4,10,03-03-24,Medium,56.1
EMP0638,35,7,3,Female,Master Degree,Married,Yes,Urban,Finance,Lead,Medium (201-1000),Technology,Good,Very Fast (100+ Mbps),43,Low,Weekly,100,96.3,67.6,95,8,38,100,5,5,05-05-24,Medium,98
EMP0639,23,0,4,Female,Bachelor Degree,Divorced,No,Suburban,HR,Junior,Small (51-200),Retail,Excellent,Very Fast (100+ Mbps),39,Very Low,Weekly,81.5,73.7,54.7,77,9,32,73.3,4,6,19-01-24,High,68.1
EMP0640,23,0,1,Male,High School,Single,No,Rural,Finance,Junior,Startup (1-50),Media,Excellent,Very Fast (100+ Mbps),50,Moderate,Few times per week,77.7,86.1,83.7,95,10,36,94.8,6,7,03-05-24,High,92
EMP0641,31,5,5,Female,PhD,Married,No,Suburban,Design,Mid-Level,Medium (201-1000),Technology,Average,Very Fast (100+ Mbps),35,Low,Daily,100,100,95,95,11,0,91.4,2,6,15-03-24,High,98
EMP0642,50,9,4,Female,Professional Degree,Married,Yes,Suburban,Engineering,Senior,Small (51-200),Retail,Average,Fast (50-100 Mbps),48,Moderate,Few times per week,100,100,76.4,95,7,0,100,7,4,12-02-24,High,98
EMP0643,32,4,2,Male,Bachelor Degree,Divorced,No,Urban,Engineering,Mid-Level,Medium (201-1000),Finance,Average,Very Fast (100+ Mbps),45,Very High,Daily,100,90.7,81,95,11,28,100,6,9,09-02-24,High,98
EMP0644,22,1,3,Female,Associate Degree,In Relationship,Yes,Suburban,Operations,Junior,Large (1001-5000),Technology,Excellent,Very Fast (100+ Mbps),34,High,Daily,100,100,92,95,9,25,100,5,8,28-04-24,High,98
EMP0645,32,5,0,Female,Bachelor Degree,Married,Yes,Urban,Operations,Senior,Medium (201-1000),Manufacturing,Average,Very Fast (100+ Mbps),42,Very High,Few times per week,100,100,79.2,95,5,50,100,4,5,11-05-24,High,98
EMP0646,32,2,0,Male,Master Degree,Single,No,Suburban,Marketing,Junior,Large (1001-5000),Technology,Average,Very Fast (100+ Mbps),34,Low,Daily,59,69.7,45.1,76.8,4,17,100,6,6,13-03-24,High,61.8
EMP0647,22,0,2,Male,Master Degree,Married,Yes,Suburban,Engineering,Junior,Large (1001-5000),Technology,Excellent,Very Fast (100+ Mbps),39,Moderate,Daily,71,72.9,60.9,79.8,11,45,82.8,9,8,28-02-24,High,66
EMP0648,34,2,4,Female,Master Degree,Single,No,Suburban,Operations,Junior,Small (51-200),Manufacturing,Poor,Very Fast (100+ Mbps),43,Moderate,Few times per week,59.5,65.6,63.8,87.7,3,34,99.9,7,10,23-02-24,High,63.2
EMP0649,32,5,5,Male,Associate Degree,Married,Yes,Urban,Design,Senior,Enterprise (5000+),Retail,Good,Very Fast (100+ Mbps),35,High,Weekly,100,100,91.1,95,9,0,100,5,4,29-04-24,High,95.8
EMP0650,41,6,3,Female,Associate Degree,Married,No,Rural,Sales,Lead,Startup (1-50),Technology,Average,Fast (50-100 Mbps),27,High,Daily,64.5,73,63,95,12,26,100,7,7,25-04-24,High,79.9
EMP0651,51,24,3,Female,Associate Degree,Married,No,Suburban,Data Science,Manager,Enterprise (5000+),Government,Average,Very Fast (100+ Mbps),41,Very High,Weekly,86.2,95.6,71.1,95,15,38,100,6,8,05-05-24,High,98
EMP0652,45,15,3,Female,Master Degree,In Relationship,Yes,Rural,Sales,Lead,Small (51-200),Technology,Good,Fast (50-100 Mbps),43,Low,Few times per week,67.8,67.2,59.6,80.8,8,6,95.6,2,2,13-02-24,High,60.2
EMP0653,32,0,1,Female,Bachelor Degree,Married,No,Suburban,Engineering,Junior,Small (51-200),Non-profit,Good,Very Fast (100+ Mbps),39,Low,Daily,61.1,69,45,82.6,5,16,68.1,6,8,12-02-24,High,58.2
EMP0654,25,1,1,Male,Master Degree,Married,No,Urban,Sales,Junior,Medium (201-1000),Retail,Good,Fast (50-100 Mbps),41,Moderate,Few times per week,48.2,69.8,56.9,71,9,37,91.6,4,8,18-01-24,High,62.9
EMP0655,58,4,4,Male,Associate Degree,Single,No,Suburban,Marketing,Mid-Level,Enterprise (5000+),Finance,Average,Very Fast (100+ Mbps),40,Very High,Monthly,100,97.6,94,95,4,14,100,5,9,08-04-24,Medium,98
EMP0656,35,4,5,Female,PhD,Divorced,No,Suburban,Operations,Mid-Level,Small (51-200),Technology,Good,Moderate (25-50 Mbps),35,Very High,Few times per week,98.5,100,61.2,95,4,0,100,6,3,08-02-24,Medium,97
EMP0657,35,2,3,Male,Master Degree,Single,No,Urban,Marketing,Junior,Large (1001-5000),Finance,Average,Fast (50-100 Mbps),53,High,Weekly,88.1,85.4,74.2,95,7,23,100,7,4,06-03-24,Medium,87
EMP0658,34,4,4,Female,Bachelor Degree,Single,Yes,Suburban,Marketing,Mid-Level,Large (1001-5000),Technology,Excellent,Very Fast (100+ Mbps),43,High,Weekly,78.1,80.3,70.4,95,5,42,100,6,6,26-02-24,High,78.2
EMP0659,36,11,5,Female,Master Degree,Single,Yes,Suburban,Engineering,Senior,Small (51-200),Education,Average,Very Fast (100+ Mbps),39,Moderate,Weekly,66.4,67.7,50.7,77.2,5,0,91.8,5,9,19-02-24,High,63.4
EMP0660,33,5,1,Male,Bachelor Degree,Married,Yes,Suburban,Engineering,Junior,Medium (201-1000),Finance,Good,Fast (50-100 Mbps),37,High,Daily,55.8,71.1,61.3,95,8,0,100,7,9,04-05-24,High,66.7
EMP0661,29,1,4,Male,Bachelor Degree,Single,No,Urban,Sales,Junior,Medium (201-1000),Technology,Excellent,Moderate (25-50 Mbps),39,Moderate,Weekly,40.3,50,47.5,70.6,13,60,66,4,7,23-01-24,High,41.2
EMP0662,30,1,4,Female,Bachelor Degree,In Relationship,No,Suburban,Data Science,Junior,Small (51-200),Manufacturing,Average,Very Fast (100+ Mbps),39,Moderate,Bi-weekly,51,59.5,42.4,68.5,9,34,80.3,8,6,22-04-24,High,55.2
EMP0663,34,7,3,Female,Master Degree,In Relationship,No,Urban,Sales,Mid-Level,Large (1001-5000),Technology,Excellent,Fast (50-100 Mbps),42,High,Weekly,92.5,98.2,95,95,10,26,100,4,5,19-02-24,High,98
EMP0664,30,3,2,Male,Master Degree,In Relationship,No,Suburban,Product,Senior,Enterprise (5000+),Education,Excellent,Very Fast (100+ Mbps),48,High,Weekly,89.8,95.7,91.7,95,8,27,100,6,6,28-02-24,Medium,98
EMP0665,28,4,4,Female,Bachelor Degree,Single,No,Urban,Sales,Mid-Level,Large (1001-5000),Technology,Excellent,Very Fast (100+ Mbps),37,Low,Few times per week,55.9,65.3,38.8,79.8,12,31,92.2,4,5,06-04-24,High,63.2
EMP0666,35,6,4,Female,Master Degree,In Relationship,Yes,Urban,Engineering,Mid-Level,Enterprise (5000+),Retail,Good,Very Fast (100+ Mbps),43,High,Daily,71.1,100,83.1,95,4,18,100,5,8,20-03-24,High,87.2
EMP0667,32,3,1,Non-binary,Master Degree,In Relationship,Yes,Urban,Engineering,Mid-Level,Startup (1-50),Education,Good,Very Fast (100+ Mbps),46,Moderate,Weekly,69.6,76,61.1,90.7,13,37,100,5,6,06-03-24,High,75
EMP0668,48,13,3,Male,Master Degree,In Relationship,No,Urban,Engineering,Lead,Startup (1-50),Manufacturing,Average,Very Fast (100+ Mbps),37,High,Few times per week,100,100,81.2,95,7,25,100,5,7,10-04-24,High,98
EMP0669,22,1,1,Male,Bachelor Degree,Married,Yes,Urban,Data Science,Junior,Large (1001-5000),Technology,Average,Very Fast (100+ Mbps),37,Moderate,Bi-weekly,81.3,82.2,66.3,95,9,26,89.5,9,7,01-05-24,High,83
EMP0670,44,8,5,Female,Bachelor Degree,Married,No,Rural,Finance,Mid-Level,Large (1001-5000),Technology,Good,Fast (50-100 Mbps),32,High,Monthly,93.9,93.9,88.7,95,4,0,100,4,7,23-03-24,Medium,98
EMP0671,46,11,3,Female,Master Degree,Single,Yes,Suburban,Design,Lead,Startup (1-50),Technology,Good,Fast (50-100 Mbps),52,Moderate,Weekly,96.5,92,90.8,95,8,28,100,4,8,26-02-24,High,98
EMP0672,22,1,4,Male,High School,Divorced,Yes,Suburban,Customer Success,Junior,Small (51-200),Technology,Excellent,Very Fast (100+ Mbps),45,Moderate,Monthly,57.1,62.6,53.3,73.7,6,16,100,6,8,14-05-24,Medium,57.8
EMP0673,31,1,2,Female,Bachelor Degree,Single,No,Rural,Operations,Junior,Large (1001-5000),Technology,Average,Moderate (25-50 Mbps),38,Very High,Daily,100,86.6,72.9,95,6,42,100,9,5,18-01-24,High,87.4
EMP0674,31,3,1,Female,Master Degree,Married,Yes,Rural,Finance,Senior,Startup (1-50),Healthcare,Good,Very Fast (100+ Mbps),38,Very High,Bi-weekly,78.9,74.3,85.5,95,11,48,100,6,5,29-01-24,High,73.3
EMP0675,22,0,0,Male,Bachelor Degree,In Relationship,No,Rural,Operations,Mid-Level,Small (51-200),Education,Excellent,Very Fast (100+ Mbps),35,Low,Daily,63.3,67.9,47.3,90.3,11,74,68,9,3,06-05-24,High,57.7
EMP0676,27,0,2,Female,PhD,Married,Yes,Urban,Finance,Junior,Large (1001-5000),Consulting,Excellent,Fast (50-100 Mbps),42,Very High,Daily,83.6,69.5,59.1,76.4,4,37,100,4,3,17-02-24,High,65.3
EMP0677,25,1,2,Female,High School,Single,No,Suburban,Engineering,Junior,Enterprise (5000+),Finance,Good,Fast (50-100 Mbps),39,Moderate,Few times per week,96.4,83.1,77.9,95,8,80,100,1,8,06-02-24,High,98
EMP0678,50,10,3,Male,PhD,In Relationship,No,Suburban,Sales,Lead,Large (1001-5000),Healthcare,Average,Moderate (25-50 Mbps),36,Moderate,Few times per week,96.2,100,91.6,95,4,33,100,5,5,29-03-24,High,98
EMP0679,43,7,0,Male,Bachelor Degree,In Relationship,No,Suburban,Operations,Senior,Large (1001-5000),Non-profit,Excellent,Very Fast (100+ Mbps),37,High,Bi-weekly,100,90.2,73,95,6,39,100,6,8,17-02-24,High,98
EMP0680,46,3,3,Female,High School,Single,No,Suburban,Engineering,Senior,Small (51-200),Healthcare,Good,Very Fast (100+ Mbps),46,High,Few times per week,91.9,87.8,78.6,95,5,12,100,6,10,19-01-24,High,86.5
EMP0681,41,10,3,Male,Bachelor Degree,Divorced,Yes,Urban,Marketing,Mid-Level,Large (1001-5000),Education,Excellent,Fast (50-100 Mbps),39,Very High,Bi-weekly,97.4,88.8,79.1,95,8,21,100,4,5,28-01-24,High,83.2
EMP0682,24,1,3,Male,Master Degree,Married,Yes,Rural,Customer Success,Junior,Startup (1-50),Non-profit,Poor,Very Fast (100+ Mbps),34,Moderate,Daily,73.7,95.7,71.8,95,9,41,100,7,6,31-03-24,High,90.1
EMP0683,30,1,4,Female,Master Degree,Married,Yes,Suburban,Marketing,Junior,Enterprise (5000+),Non-profit,Average,Very Fast (100+ Mbps),42,Moderate,Weekly,96.5,93.2,95,95,6,8,100,8,7,10-03-24,High,96.9
EMP0684,39,5,4,Female,Bachelor Degree,Single,No,Urban,Operations,Mid-Level,Medium (201-1000),Finance,Excellent,Fast (50-100 Mbps),37,Low,Weekly,93.4,89.7,75.5,95,3,13,100,7,9,28-02-24,High,96.3
EMP0685,24,0,5,Female,Bachelor Degree,Single,No,Urban,Engineering,Junior,Medium (201-1000),Education,Excellent,Very Fast (100+ Mbps),45,Moderate,Weekly,60.7,82.9,60.6,85.9,8,0,95.7,7,4,17-04-24,High,73.7
EMP0686,41,11,1,Female,Master Degree,Single,Yes,Suburban,Customer Success,Lead,Large (1001-5000),Healthcare,Average,Very Fast (100+ Mbps),51,Moderate,Few times per week,100,100,84,95,6,34,100,5,8,24-04-24,Medium,98
EMP0687,32,0,3,Male,Bachelor Degree,Single,No,Urban,Sales,Junior,Startup (1-50),Retail,Excellent,Very Fast (100+ Mbps),30,Very High,Weekly,98.4,100,80.6,95,7,23,100,6,10,24-02-24,High,98
EMP0688,31,2,3,Male,Master Degree,In Relationship,Yes,Urban,Design,Junior,Enterprise (5000+),Government,Poor,Very Fast (100+ Mbps),37,Moderate,Few times per week,67.1,75.1,77.9,90.6,7,41,100,2,7,10-03-24,Medium,75.2
EMP0689,41,11,3,Male,High School,Married,Yes,Rural,Data Science,Senior,Small (51-200),Finance,Good,Very Fast (100+ Mbps),42,High,Weekly,100,100,60.4,95,6,43,100,5,4,01-04-24,High,98
EMP0690,38,5,4,Male,Master Degree,Divorced,No,Urban,Product,Mid-Level,Small (51-200),Consulting,Excellent,Fast (50-100 Mbps),41,High,Few times per week,80.3,86,95,95,4,7,100,8,6,20-03-24,High,88.6
EMP0691,31,4,3,Female,Master Degree,Married,Yes,Suburban,Engineering,Junior,Startup (1-50),Education,Average,Very Fast (100+ Mbps),49,Moderate,Daily,100,100,81,95,11,37,100,7,10,29-01-24,Medium,95.9
EMP0692,45,6,3,Female,Professional Degree,Single,No,Suburban,Sales,Mid-Level,Large (1001-5000),Technology,Good,Moderate (25-50 Mbps),41,Moderate,Daily,77.7,73.5,48.5,84.3,16,17,88.8,9,4,04-03-24,High,65.8
EMP0693,25,0,3,Female,Master Degree,In Relationship,No,Suburban,Design,Junior,Large (1001-5000),Manufacturing,Poor,Very Fast (100+ Mbps),43,High,Few times per week,68.8,88.2,73.8,92.8,2,29,100,9,6,09-05-24,High,77.6
EMP0694,40,15,5,Male,Bachelor Degree,Divorced,No,Urban,Customer Success,Lead,Startup (1-50),Finance,Average,Moderate (25-50 Mbps),44,Moderate,Bi-weekly,65.8,91.6,73.2,90.4,4,0,91.5,9,4,28-03-24,High,78.3
EMP0695,40,3,5,Male,Associate Degree,Married,No,Suburban,Product,Senior,Startup (1-50),Technology,Good,Very Fast (100+ Mbps),37,High,Few times per week,66.3,76.9,56.4,95,10,0,100,4,9,08-02-24,High,72.7
EMP0696,32,0,2,Female,Master Degree,Single,No,Urban,Operations,Junior,Enterprise (5000+),Non-profit,Average,Very Fast (100+ Mbps),45,Low,Weekly,68.8,79.2,53.3,95,6,33,71.5,3,7,16-02-24,Medium,75.5
EMP0697,37,1,1,Male,Bachelor Degree,Married,No,Urban,Marketing,Junior,Startup (1-50),Finance,Average,Very Fast (100+ Mbps),44,Very High,Few times per week,100,95.6,81.8,95,7,50,100,8,9,20-01-24,High,98
EMP0698,23,0,4,Male,Master Degree,Married,Yes,Suburban,Engineering,Mid-Level,Medium (201-1000),Healthcare,Good,Very Fast (100+ Mbps),42,Very High,Monthly,92.2,97.5,81.8,95,5,0,100,5,9,14-04-24,High,98
EMP0699,43,4,5,Female,Master Degree,Divorced,No,Rural,Customer Success,Mid-Level,Medium (201-1000),Manufacturing,Good,Fast (50-100 Mbps),30,Moderate,Few times per week,75,77.4,73.6,94.9,7,0,71.1,5,6,10-03-24,High,75.6
EMP0700,33,1,2,Male,Bachelor Degree,Single,Yes,Suburban,HR,Junior,Large (1001-5000),Government,Excellent,Very Fast (100+ Mbps),37,Moderate,Daily,68.5,71.7,62.7,86.5,8,28,100,6,9,15-01-24,High,72.6
EMP0701,30,0,2,Male,Bachelor Degree,Single,Yes,Urban,Engineering,Junior,Medium (201-1000),Consulting,Good,Fast (50-100 Mbps),43,Moderate,Weekly,62.8,70.3,63.4,95,6,65,100,6,1,21-03-24,Medium,78.2
EMP0702,44,8,5,Female,Bachelor Degree,Married,No,Urban,Engineering,Senior,Medium (201-1000),Healthcare,Average,Very Fast (100+ Mbps),41,Moderate,Weekly,100,100,80,95,4,0,100,4,4,12-05-24,Medium,98
EMP0703,28,2,4,Male,Bachelor Degree,Married,No,Urban,Operations,Mid-Level,Enterprise (5000+),Healthcare,Good,Fast (50-100 Mbps),46,Low,Few times per week,75.3,64.5,59.8,73,12,23,92.2,8,8,27-04-24,High,68.5
EMP0704,22,0,2,Female,High School,Single,Yes,Suburban,Finance,Mid-Level,Small (51-200),Technology,Good,Fast (50-100 Mbps),46,Moderate,Daily,74.3,79.5,61.5,95,9,0,78,8,7,23-03-24,High,81
EMP0705,22,0,3,Male,Bachelor Degree,Married,Yes,Urban,Engineering,Junior,Small (51-200),Healthcare,Average,Very Fast (100+ Mbps),44,Moderate,Daily,72.3,74.2,73.4,79.5,7,14,74.9,7,10,11-04-24,High,72.7
EMP0706,40,9,5,Male,Bachelor Degree,Married,Yes,Suburban,Engineering,Senior,Startup (1-50),Government,Excellent,Moderate (25-50 Mbps),46,Moderate,Few times per week,93.4,100,72.7,95,10,0,100,2,8,16-04-24,High,98
EMP0707,23,0,4,Male,Bachelor Degree,Married,Yes,Urban,Engineering,Mid-Level,Enterprise (5000+),Retail,Good,Fast (50-100 Mbps),45,Low,Weekly,100,96.7,76.8,95,7,40,80.8,3,7,14-05-24,High,93.1
EMP0708,50,0,4,Female,Associate Degree,Married,No,Urban,Engineering,Mid-Level,Large (1001-5000),Technology,Average,Slow (<25 Mbps),38,High,Few times per week,100,100,81.3,95,9,8,100,5,9,18-04-24,High,98
EMP0709,22,0,4,Female,Bachelor Degree,Married,Yes,Suburban,Design,Junior,Startup (1-50),Technology,Good,Very Fast (100+ Mbps),41,Moderate,Few times per week,89.1,83.5,73.3,93.8,4,17,78.4,6,6,18-04-24,Low,80.2
EMP0710,50,17,1,Non-binary,High School,Divorced,No,Urban,Finance,Manager,Large (1001-5000),Media,Good,Moderate (25-50 Mbps),35,Moderate,Few times per week,92.3,100,95,95,5,46,100,6,4,09-04-24,High,98
EMP0711,36,4,4,Female,Master Degree,In Relationship,No,Suburban,HR,Mid-Level,Medium (201-1000),Consulting,Good,Moderate (25-50 Mbps),50,Very High,Daily,41.9,61.2,46.9,68.5,14,29,100,3,7,09-02-24,Medium,52.3
EMP0712,34,2,2,Female,Bachelor Degree,Single,No,Rural,Customer Success,Junior,Enterprise (5000+),Healthcare,Average,Fast (50-100 Mbps),34,Moderate,Weekly,97.8,100,84.5,95,10,8,100,9,5,01-03-24,Medium,98
EMP0713,30,0,5,Male,Bachelor Degree,Single,No,Urban,Sales,Junior,Small (51-200),Education,Good,Fast (50-100 Mbps),29,Very High,Weekly,100,100,78.3,95,7,0,100,6,5,10-03-24,High,98
EMP0714,38,1,2,Male,Master Degree,In Relationship,Yes,Urban,HR,Mid-Level,Large (1001-5000),Technology,Excellent,Slow (<25 Mbps),54,High,Daily,98.8,100,76.5,95,8,0,100,5,5,23-01-24,Medium,98
EMP0715,34,4,5,Male,PhD,Married,Yes,Rural,Data Science,Senior,Medium (201-1000),Manufacturing,Excellent,Slow (<25 Mbps),41,Low,Daily,97.8,100,76,95,10,0,100,4,7,15-05-24,High,98
EMP0716,44,16,2,Male,Associate Degree,Married,No,Suburban,Finance,Manager,Startup (1-50),Education,Average,Fast (50-100 Mbps),47,Very High,Daily,91.9,90.3,77.5,95,13,21,100,9,2,09-04-24,High,91.4
EMP0717,36,1,3,Male,Bachelor Degree,Married,Yes,Rural,Sales,Junior,Large (1001-5000),Retail,Good,Very Fast (100+ Mbps),46,Moderate,Monthly,59.1,66.2,58.7,86.5,3,28,100,5,8,11-05-24,High,66.6
EMP0718,36,10,1,Male,Bachelor Degree,Married,No,Urban,Finance,Senior,Startup (1-50),Finance,Average,Moderate (25-50 Mbps),48,High,Few times per week,84.4,74.8,62.8,93.9,10,40,100,3,7,26-02-24,High,71.4
EMP0719,31,5,4,Male,Bachelor Degree,Married,Yes,Urban,Product,Mid-Level,Large (1001-5000),Finance,Good,Very Fast (100+ Mbps),45,Moderate,Few times per week,84.7,69.6,65.1,95,8,43,97.8,6,5,03-04-24,High,76.2
EMP0720,34,0,4,Male,PhD,Married,Yes,Urban,Engineering,Junior,Large (1001-5000),Technology,Good,Very Fast (100+ Mbps),45,High,Few times per week,69,71.1,67.5,71.2,9,0,100,5,4,24-02-24,Medium,60.5
EMP0721,37,9,4,Male,Master Degree,Married,Yes,Urban,Engineering,Senior,Medium (201-1000),Government,Average,Slow (<25 Mbps),27,High,Monthly,81.2,87.3,77.8,95,10,32,100,8,8,08-04-24,Low,84.9
EMP0722,22,0,3,Female,Master Degree,Single,Yes,Suburban,Product,Junior,Startup (1-50),Government,Excellent,Moderate (25-50 Mbps),36,Low,Weekly,56.2,64.7,62.8,76.3,4,17,66.1,6,6,02-05-24,High,64.9
EMP0723,22,1,0,Female,Bachelor Degree,In Relationship,No,Urban,Design,Junior,Enterprise (5000+),Consulting,Excellent,Moderate (25-50 Mbps),26,High,Daily,85.2,91.2,79.3,95,13,31,100,3,6,30-01-24,High,88.7
EMP0724,41,3,5,Male,Master Degree,Married,Yes,Suburban,Marketing,Junior,Small (51-200),Government,Good,Fast (50-100 Mbps),37,High,Few times per week,73.8,72.5,65.7,93.4,7,0,100,7,6,16-04-24,High,67.5
EMP0725,36,5,4,Male,High School,Married,No,Urban,Sales,Senior,Medium (201-1000),Education,Excellent,Very Fast (100+ Mbps),38,High,Weekly,98.5,98.2,87.6,95,12,33,100,5,6,09-05-24,Low,98
EMP0726,33,6,4,Male,Bachelor Degree,Divorced,No,Suburban,Sales,Mid-Level,Large (1001-5000),Technology,Good,Slow (<25 Mbps),41,Very High,Few times per week,88.4,92.1,73,95,8,46,100,5,6,22-02-24,Medium,86.8
EMP0727,35,4,4,Female,Bachelor Degree,Married,No,Urban,Marketing,Junior,Enterprise (5000+),Manufacturing,Poor,Very Fast (100+ Mbps),36,High,Daily,97.6,97,63.4,95,9,24,100,7,7,19-03-24,High,98
EMP0728,38,8,4,Male,Bachelor Degree,Married,No,Urban,Design,Senior,Medium (201-1000),Finance,Average,Fast (50-100 Mbps),39,Very High,Monthly,77.8,91.5,52.7,94.7,10,26,100,3,6,23-02-24,High,81.4
EMP0729,30,2,3,Female,Bachelor Degree,In Relationship,No,Suburban,Engineering,Mid-Level,Small (51-200),Finance,Good,Fast (50-100 Mbps),38,Moderate,Bi-weekly,88.3,96.8,95,95,5,33,100,9,10,09-04-24,High,96
EMP0730,27,0,4,Female,Master Degree,Married,Yes,Urban,Sales,Junior,Large (1001-5000),Technology,Average,Very Fast (100+ Mbps),44,Moderate,Bi-weekly,40,57,40.1,67.1,9,28,72.9,7,6,07-03-24,Medium,40.3
EMP0731,36,7,4,Male,Associate Degree,Married,No,Suburban,Product,Mid-Level,Small (51-200),Finance,Excellent,Very Fast (100+ Mbps),46,Moderate,Daily,63.6,73.9,68.8,84.2,7,35,85.8,4,5,25-02-24,High,66.2
EMP0732,26,1,5,Male,Associate Degree,Divorced,Yes,Suburban,Sales,Junior,Startup (1-50),Retail,Good,Very Fast (100+ Mbps),43,Moderate,Daily,98.2,92.1,89.9,95,8,0,85.6,2,10,06-03-24,Low,98
EMP0733,38,4,4,Male,Bachelor Degree,Single,Yes,Suburban,HR,Mid-Level,Enterprise (5000+),Technology,Good,Fast (50-100 Mbps),45,Very High,Few times per week,90.7,94.3,81.8,95,11,57,100,6,5,13-04-24,High,91.1
EMP0734,22,0,0,Female,Bachelor Degree,Single,No,Suburban,Sales,Junior,Medium (201-1000),Technology,Good,Very Fast (100+ Mbps),43,Low,Weekly,52,62.6,47.2,66.2,6,94,80.2,5,7,21-02-24,Low,62.8
EMP0735,44,2,2,Female,Master Degree,Divorced,No,Suburban,Customer Success,Junior,Startup (1-50),Retail,Excellent,Very Fast (100+ Mbps),49,High,Weekly,78.9,82,60.8,95,9,34,100,2,8,25-03-24,High,81.5
EMP0736,39,2,0,Female,Master Degree,Divorced,Yes,Rural,Data Science,Junior,Medium (201-1000),Manufacturing,Average,Fast (50-100 Mbps),53,Very Low,Weekly,62,57.6,38.9,63.1,16,72,76.8,6,1,31-01-24,High,50.4
EMP0737,37,8,1,Female,Master Degree,In Relationship,Yes,Rural,Sales,Lead,Startup (1-50),Healthcare,Average,Fast (50-100 Mbps),27,Very High,Bi-weekly,100,92.3,77.3,95,8,27,100,5,5,08-02-24,High,88.3
EMP0738,43,4,4,Female,Bachelor Degree,Single,No,Suburban,Customer Success,Mid-Level,Startup (1-50),Technology,Average,Very Fast (100+ Mbps),48,Low,Weekly,60.2,66.3,63.8,90.4,6,13,73.7,5,7,08-03-24,High,67.6
EMP0739,49,9,5,Female,Master Degree,Single,No,Suburban,Data Science,Senior,Startup (1-50),Finance,Excellent,Fast (50-100 Mbps),34,Moderate,Daily,89.1,100,95,95,9,0,81,4,6,09-04-24,Medium,98
EMP0740,44,4,1,Male,Master Degree,Single,Yes,Suburban,Data Science,Mid-Level,Large (1001-5000),Manufacturing,Good,Very Fast (100+ Mbps),43,Very High,Daily,88.9,98.8,79,95,5,0,100,3,3,14-05-24,High,91.9
EMP0741,22,0,3,Male,Bachelor Degree,Married,No,Urban,Marketing,Mid-Level,Large (1001-5000),Retail,Average,Very Fast (100+ Mbps),43,Very Low,Few times per week,42.2,50,52.7,62.1,1,27,65.6,3,6,03-03-24,High,38.7
EMP0742,23,0,5,Male,Bachelor Degree,Married,No,Rural,Marketing,Junior,Medium (201-1000),Technology,Good,Very Fast (100+ Mbps),45,Very High,Daily,40,50,37.5,54.7,7,0,100,8,3,10-04-24,High,35
EMP0743,29,1,4,Female,Master Degree,Married,No,Suburban,Sales,Junior,Small (51-200),Government,Good,Fast (50-100 Mbps),41,Moderate,Daily,79.8,86.8,57,94.4,6,21,87.4,6,5,19-04-24,High,79.6
EMP0744,35,3,3,Male,High School,Single,No,Urban,Sales,Mid-Level,Large (1001-5000),Technology,Average,Very Fast (100+ Mbps),41,Low,Weekly,67,81.9,60.7,95,8,26,100,6,8,09-05-24,High,74.7
EMP0745,39,8,4,Female,Bachelor Degree,Married,Yes,Urban,Marketing,Senior,Medium (201-1000),Technology,Good,Very Fast (100+ Mbps),44,Very High,Daily,94,100,84.7,95,8,26,100,7,4,06-02-24,High,93.8
EMP0746,28,3,3,Male,Associate Degree,Married,No,Urban,Engineering,Senior,Medium (201-1000),Healthcare,Good,Very Fast (100+ Mbps),39,High,Weekly,79.8,73.6,69.7,83.5,13,26,100,5,7,02-04-24,Medium,76.6
EMP0747,36,6,1,Female,High School,Single,Yes,Urban,Finance,Lead,Large (1001-5000),Finance,Good,Moderate (25-50 Mbps),30,Moderate,Weekly,90.9,94.8,90.7,95,6,39,100,8,10,27-03-24,High,98
EMP0748,28,1,1,Male,Associate Degree,Divorced,Yes,Urban,Marketing,Junior,Medium (201-1000),Non-profit,Good,Moderate (25-50 Mbps),41,Moderate,Daily,40,52.9,30,60.6,10,0,80.4,4,5,22-02-24,High,42
EMP0749,29,3,1,Male,Bachelor Degree,Single,No,Urban,Product,Mid-Level,Medium (201-1000),Technology,Average,Very Fast (100+ Mbps),37,Low,Daily,40,50,41.1,63.4,9,12,72.2,8,5,06-03-24,High,44.6
EMP0750,22,1,2,Female,Master Degree,Married,Yes,Urban,Customer Success,Junior,Enterprise (5000+),Finance,Good,Very Fast (100+ Mbps),36,Moderate,Daily,90.7,83.7,80.5,95,6,38,100,2,10,25-03-24,High,88.6
EMP0751,26,0,5,Male,Bachelor Degree,Divorced,No,Suburban,Sales,Junior,Medium (201-1000),Finance,Good,Moderate (25-50 Mbps),36,High,Daily,75.8,57.7,45.8,74,6,0,100,4,7,30-04-24,High,57
EMP0752,22,1,4,Non-binary,Master Degree,Married,Yes,Urban,Marketing,Mid-Level,Medium (201-1000),Healthcare,Good,Very Fast (100+ Mbps),30,Moderate,Few times per week,71.1,81.8,75.6,79,5,2,60.6,8,8,15-01-24,High,74.7
EMP0753,26,3,3,Male,Bachelor Degree,Single,No,Urban,HR,Mid-Level,Medium (201-1000),Technology,Excellent,Very Fast (100+ Mbps),39,Low,Weekly,88.9,90.8,62.1,95,9,33,100,3,8,22-02-24,High,84.8
EMP0754,44,10,3,Male,PhD,Married,No,Suburban,Engineering,Mid-Level,Small (51-200),Technology,Good,Very Fast (100+ Mbps),42,High,Few times per week,86.5,88.6,79.2,95,6,17,100,4,8,20-02-24,High,89.5
EMP0755,26,1,2,Female,PhD,Divorced,Yes,Rural,Engineering,Junior,Large (1001-5000),Technology,Excellent,Slow (<25 Mbps),46,Very High,Few times per week,55.4,69.4,59,70.9,9,28,97.3,2,10,10-02-24,Medium,54.6
EMP0756,58,21,4,Female,Master Degree,Married,Yes,Suburban,Customer Success,Manager,Large (1001-5000),Healthcare,Average,Fast (50-100 Mbps),38,High,Few times per week,91.1,98.1,95,95,10,29,100,6,5,10-03-24,Medium,96.5
EMP0757,39,4,4,Male,PhD,Married,No,Urban,Engineering,Mid-Level,Small (51-200),Manufacturing,Good,Very Fast (100+ Mbps),51,Low,Few times per week,94.8,95.3,75.4,94,11,37,100,5,6,24-04-24,Medium,87.6
EMP0758,36,5,2,Female,Master Degree,In Relationship,No,Suburban,Product,Senior,Startup (1-50),Retail,Good,Very Fast (100+ Mbps),45,Very High,Daily,80.5,75.7,49.6,95,7,46,100,6,7,29-03-24,High,79.5
EMP0759,27,2,0,Female,Master Degree,In Relationship,Yes,Urban,Product,Junior,Enterprise (5000+),Healthcare,Good,Slow (<25 Mbps),35,Low,Daily,40,50,35.4,56.3,6,30,68.3,3,7,01-04-24,High,35
EMP0760,41,8,4,Female,Bachelor Degree,Married,No,Urban,Marketing,Senior,Medium (201-1000),Finance,Good,Very Fast (100+ Mbps),39,Very Low,Bi-weekly,89.5,81.3,61.4,95,4,31,100,5,4,07-04-24,High,85
EMP0761,29,1,3,Male,Bachelor Degree,Divorced,Yes,Urban,Customer Success,Junior,Small (51-200),Consulting,Good,Fast (50-100 Mbps),54,Very High,Daily,62.2,58.2,60.7,59.4,18,15,100,5,9,25-02-24,High,58.6
EMP0762,36,0,3,Male,Master Degree,In Relationship,No,Suburban,Sales,Mid-Level,Small (51-200),Healthcare,Average,Very Fast (100+ Mbps),46,High,Weekly,72.1,64.7,56.2,80.8,10,2,100,6,8,14-03-24,High,66.4
EMP0763,58,2,4,Female,Bachelor Degree,Married,Yes,Suburban,Customer Success,Junior,Medium (201-1000),Technology,Good,Fast (50-100 Mbps),38,High,Daily,78.7,100,74.8,95,9,1,100,5,5,11-03-24,High,94.4
EMP0764,34,3,3,Female,Master Degree,Single,Yes,Suburban,Customer Success,Mid-Level,Startup (1-50),Education,Average,Very Fast (100+ Mbps),47,High,Daily,63.6,65.7,72.4,78.4,10,21,100,10,7,11-03-24,Medium,65
EMP0765,45,3,2,Female,Master Degree,Single,Yes,Urban,Engineering,Mid-Level,Startup (1-50),Retail,Excellent,Fast (50-100 Mbps),34,High,Few times per week,73.9,84.5,95,95,13,39,100,5,5,10-04-24,Medium,84.9
EMP0766,28,0,3,Male,Bachelor Degree,Single,Yes,Suburban,Operations,Junior,Large (1001-5000),Finance,Excellent,Very Fast (100+ Mbps),38,Moderate,Bi-weekly,100,100,76.5,95,8,15,100,7,6,11-02-24,High,96.5
EMP0767,34,2,3,Male,Master Degree,Divorced,Yes,Urban,Operations,Mid-Level,Large (1001-5000),Technology,Average,Very Fast (100+ Mbps),28,Moderate,Weekly,99,89.8,65.1,95,10,11,81,5,7,20-03-24,High,92.8
EMP0768,50,16,5,Female,Bachelor Degree,Married,Yes,Urban,Engineering,Manager,Small (51-200),Technology,Good,Fast (50-100 Mbps),45,Low,Daily,67.7,68,66.7,79.8,7,0,78.4,6,7,15-03-24,High,62
EMP0769,29,3,5,Male,Bachelor Degree,Divorced,Yes,Urban,Data Science,Mid-Level,Startup (1-50),Consulting,Good,Moderate (25-50 Mbps),35,High,Bi-weekly,97.3,93.2,64.9,95,8,0,100,4,7,25-04-24,High,98
EMP0770,51,3,5,Male,Bachelor Degree,Married,Yes,Suburban,Sales,Mid-Level,Medium (201-1000),Technology,Good,Very Fast (100+ Mbps),41,Moderate,Few times per week,98.3,100,68.9,95,10,0,97,4,7,09-05-24,Low,95.2
EMP0771,41,9,4,Male,Bachelor Degree,Married,No,Urban,Marketing,Senior,Small (51-200),Education,Excellent,Very Fast (100+ Mbps),32,Moderate,Daily,81.8,88,74,95,12,15,84.5,9,7,25-04-24,High,98
EMP0772,29,0,3,Female,Bachelor Degree,Married,No,Suburban,Engineering,Junior,Medium (201-1000),Technology,Good,Fast (50-100 Mbps),43,High,Daily,81.7,100,80.8,95,12,15,100,6,1,18-04-24,High,85.7
EMP0773,40,10,4,Male,Bachelor Degree,Single,Yes,Suburban,Operations,Lead,Small (51-200),Technology,Average,Fast (50-100 Mbps),41,High,Few times per week,81.4,94.7,81.2,95,7,11,100,6,4,05-02-24,High,90.5
EMP0774,43,9,5,Female,Bachelor Degree,Divorced,No,Urban,Customer Success,Senior,Small (51-200),Technology,Excellent,Fast (50-100 Mbps),33,Moderate,Few times per week,91.5,98.3,88.6,95,9,0,100,6,6,08-04-24,Medium,98
EMP0775,40,1,2,Female,Master Degree,Married,No,Suburban,Operations,Junior,Medium (201-1000),Technology,Average,Very Fast (100+ Mbps),39,Low,Daily,74.2,78.7,63.4,93.1,10,40,93,4,7,25-01-24,Low,73.1
EMP0776,22,1,3,Female,Master Degree,Married,No,Urban,HR,Junior,Enterprise (5000+),Technology,Good,Very Fast (100+ Mbps),42,High,Bi-weekly,63.1,74.2,61.8,90,6,25,100,8,6,20-02-24,High,74.8
EMP0777,28,2,4,Male,Bachelor Degree,Single,No,Urban,HR,Mid-Level,Small (51-200),Education,Good,Fast (50-100 Mbps),44,Moderate,Weekly,85.1,93.6,65.9,91.6,7,62,85.8,4,7,20-03-24,High,80.9
EMP0778,32,0,4,Male,Bachelor Degree,In Relationship,No,Urban,Engineering,Junior,Small (51-200),Healthcare,Excellent,Very Fast (100+ Mbps),51,Very Low,Weekly,59.6,60.9,51.7,66.6,5,19,77.6,6,10,08-04-24,High,56.8
EMP0779,34,4,2,Female,Master Degree,Divorced,Yes,Rural,Marketing,Mid-Level,Small (51-200),Manufacturing,Good,Moderate (25-50 Mbps),49,Very High,Few times per week,100,86.8,94.9,95,6,25,100,3,8,05-04-24,High,98
EMP0780,40,8,3,Female,Master Degree,Married,No,Urban,Engineering,Senior,Medium (201-1000),Technology,Excellent,Fast (50-100 Mbps),37,High,Weekly,98.1,100,92,95,7,39,100,6,9,03-04-24,High,98
EMP0781,36,10,4,Female,Bachelor Degree,Married,No,Suburban,Engineering,Senior,Large (1001-5000),Media,Excellent,Fast (50-100 Mbps),37,Moderate,Few times per week,91,89.8,62.6,95,5,21,100,6,1,26-02-24,High,98
EMP0782,22,1,3,Female,High School,Married,Yes,Urban,Engineering,Junior,Medium (201-1000),Non-profit,Poor,Very Fast (100+ Mbps),33,Very High,Weekly,45.7,55.3,44.1,67.2,5,5,100,5,6,26-01-24,Medium,48.9
EMP0783,38,8,4,Female,Master Degree,Single,Yes,Suburban,Design,Lead,Large (1001-5000),Technology,Average,Very Fast (100+ Mbps),35,Moderate,Monthly,88,80,62.8,95,13,37,100,5,6,28-04-24,High,83.5
EMP0784,40,6,2,Female,Master Degree,Single,No,Suburban,Data Science,Lead,Startup (1-50),Government,Average,Fast (50-100 Mbps),47,Very High,Few times per week,100,99,89.2,95,10,27,100,1,7,15-05-24,Medium,98
EMP0785,40,6,5,Male,Associate Degree,Married,No,Suburban,Engineering,Senior,Large (1001-5000),Technology,Excellent,Very Fast (100+ Mbps),32,Low,Daily,100,100,88.9,95,8,0,100,2,9,20-04-24,Medium,98
EMP0786,44,17,3,Male,Bachelor Degree,Single,Yes,Rural,Sales,Manager,Small (51-200),Retail,Average,Moderate (25-50 Mbps),41,Moderate,Daily,81.1,98.5,95,95,11,44,100,6,2,14-02-24,Medium,91.6
EMP0787,42,11,3,Female,Bachelor Degree,Married,Yes,Urban,Engineering,Senior,Startup (1-50),Technology,Good,Very Fast (100+ Mbps),40,Very High,Monthly,90.2,100,84.3,95,10,38,100,7,3,10-04-24,High,98
EMP0788,39,4,0,Male,Master Degree,Married,No,Suburban,Customer Success,Senior,Small (51-200),Healthcare,Average,Very Fast (100+ Mbps),37,Very High,Daily,84.9,84.6,75.1,95,5,79,100,6,7,23-02-24,High,79.8
EMP0789,34,6,1,Female,Bachelor Degree,Married,Yes,Suburban,Marketing,Senior,Small (51-200),Healthcare,Excellent,Very Fast (100+ Mbps),34,Moderate,Weekly,94.5,81.8,87.6,95,9,23,79,3,6,12-02-24,Medium,85.7
EMP0790,22,1,4,Male,Bachelor Degree,Single,No,Suburban,Operations,Junior,Medium (201-1000),Finance,Good,Fast (50-100 Mbps),30,High,Few times per week,100,89.6,74.2,95,8,24,100,9,5,27-04-24,High,93.2
EMP0791,38,6,3,Female,Bachelor Degree,Married,Yes,Suburban,Marketing,Lead,Medium (201-1000),Retail,Poor,Very Fast (100+ Mbps),34,Moderate,Few times per week,100,100,87,95,10,13,100,7,10,09-02-24,High,98
EMP0792,36,2,3,Female,PhD,Married,Yes,Urban,Finance,Junior,Large (1001-5000),Education,Good,Very Fast (100+ Mbps),41,High,Weekly,91.2,91,88.5,95,6,18,100,4,1,02-02-24,High,98
EMP0793,37,2,0,Male,Master Degree,Married,Yes,Urban,Sales,Mid-Level,Startup (1-50),Healthcare,Average,Fast (50-100 Mbps),45,Very High,Daily,64.6,62.9,50,80.3,8,31,100,7,5,18-01-24,High,59.4
EMP0794,23,0,4,Non-binary,Master Degree,Married,Yes,Urban,Engineering,Junior,Medium (201-1000),Non-profit,Good,Very Fast (100+ Mbps),51,High,Few times per week,57.3,88.8,71.3,88.3,5,0,100,3,6,20-01-24,High,70
EMP0795,25,0,4,Male,Master Degree,In Relationship,Yes,Rural,Engineering,Junior,Small (51-200),Government,Good,Fast (50-100 Mbps),44,High,Daily,84.3,88.8,84.3,95,12,35,100,7,8,15-02-24,High,77.3
EMP0796,44,0,1,Male,Bachelor Degree,Single,No,Rural,Marketing,Junior,Medium (201-1000),Government,Average,Fast (50-100 Mbps),45,High,Weekly,92.9,87.7,88,95,8,42,100,6,7,15-03-24,High,97.1
EMP0797,34,3,4,Male,PhD,Divorced,No,Suburban,Product,Mid-Level,Startup (1-50),Media,Good,Slow (<25 Mbps),51,Moderate,Daily,96.8,99.9,70,95,13,63,100,5,5,02-04-24,High,92.5
EMP0798,41,4,4,Female,Associate Degree,Married,Yes,Suburban,Sales,Senior,Startup (1-50),Technology,Average,Fast (50-100 Mbps),44,Moderate,Daily,83.2,79.9,80.6,84.6,9,29,100,1,4,02-05-24,Medium,78.5
EMP0799,35,4,4,Female,Master Degree,Married,No,Suburban,Engineering,Mid-Level,Medium (201-1000),Finance,Excellent,Fast (50-100 Mbps),47,Moderate,Weekly,96.5,97.1,95,95,10,0,100,7,5,22-04-24,High,98
EMP0800,35,2,2,Female,Bachelor Degree,Married,No,Suburban,Design,Junior,Large (1001-5000),Technology,Excellent,Very Fast (100+ Mbps),39,High,Few times per week,100,93.9,84,95,15,48,100,8,2,24-01-24,Medium,98
EMP0801,43,12,4,Male,Bachelor Degree,Married,Yes,Urban,Engineering,Senior,Large (1001-5000),Non-profit,Excellent,Very Fast (100+ Mbps),46,High,Daily,81.3,80.4,83.6,95,6,21,100,5,8,13-03-24,High,87.7
EMP0802,30,2,2,Female,Bachelor Degree,Married,Yes,Suburban,Engineering,Junior,Startup (1-50),Technology,Good,Very Fast (100+ Mbps),43,Very High,Few times per week,100,100,88.6,95,11,26,100,1,4,08-03-24,Medium,98
EMP0803,35,2,2,Male,Master Degree,Married,Yes,Suburban,Product,Junior,Small (51-200),Finance,Average,Fast (50-100 Mbps),40,High,Few times per week,91.4,88.3,79.2,95,4,32,100,7,8,07-05-24,Medium,98
EMP0804,30,1,2,Female,Master Degree,Married,No,Suburban,Finance,Junior,Small (51-200),Technology,Good,Very Fast (100+ Mbps),51,Moderate,Few times per week,58.7,50,41.6,65.6,12,56,55.8,6,4,04-04-24,High,52
EMP0805,31,5,3,Female,Bachelor Degree,Divorced,No,Urban,Sales,Senior,Medium (201-1000),Technology,Good,Fast (50-100 Mbps),34,Moderate,Bi-weekly,60.9,76.6,67.6,95,9,30,100,7,9,28-03-24,High,77.8
EMP0806,32,4,1,Female,Bachelor Degree,Single,Yes,Suburban,HR,Mid-Level,Medium (201-1000),Technology,Average,Very Fast (100+ Mbps),36,High,Weekly,93,88.2,59.5,95,7,80,100,6,7,08-02-24,High,98
EMP0807,36,3,5,Female,PhD,Single,No,Suburban,HR,Mid-Level,Small (51-200),Education,Excellent,Fast (50-100 Mbps),49,Moderate,Daily,97.2,93.8,89.8,95,8,0,100,6,6,15-04-24,Medium,98
EMP0808,30,1,2,Female,Bachelor Degree,Single,Yes,Suburban,Engineering,Junior,Medium (201-1000),Technology,Average,Very Fast (100+ Mbps),47,High,Few times per week,74.9,67.4,54,92.1,5,24,100,4,6,13-04-24,High,74.4
EMP0809,46,8,2,Female,Master Degree,Single,Yes,Suburban,Finance,Senior,Medium (201-1000),Education,Poor,Fast (50-100 Mbps),42,Low,Daily,82.8,100,78.1,95,8,43,97.7,3,5,04-03-24,High,98
EMP0810,26,3,3,Male,Master Degree,Married,No,Suburban,Operations,Senior,Medium (201-1000),Consulting,Excellent,Moderate (25-50 Mbps),44,Low,Daily,59.3,57.4,33,71.6,6,27,58.9,6,5,18-03-24,High,56.3
EMP0811,33,3,2,Female,Bachelor Degree,Married,No,Suburban,Data Science,Mid-Level,Startup (1-50),Manufacturing,Excellent,Fast (50-100 Mbps),45,High,Bi-weekly,100,98.9,86.6,95,15,12,100,8,9,06-03-24,High,98
EMP0812,31,5,3,Male,High School,Single,Yes,Urban,Data Science,Mid-Level,Medium (201-1000),Technology,Excellent,Very Fast (100+ Mbps),44,Moderate,Few times per week,74.7,76.1,56.5,95,12,13,100,2,4,15-02-24,High,75.2
EMP0813,48,12,2,Male,Bachelor Degree,Single,No,Suburban,Sales,Lead,Small (51-200),Media,Average,Fast (50-100 Mbps),43,Moderate,Bi-weekly,87.5,94.7,85.8,95,4,52,89.7,10,4,02-02-24,High,94.4
EMP0814,36,4,1,Male,Bachelor Degree,Married,Yes,Suburban,Operations,Junior,Large (1001-5000),Manufacturing,Excellent,Fast (50-100 Mbps),36,High,Daily,80,91.6,71.1,95,13,29,100,9,6,07-04-24,High,94.2
EMP0815,44,16,2,Male,Associate Degree,Married,Yes,Suburban,Engineering,Manager,Large (1001-5000),Technology,Average,Fast (50-100 Mbps),49,Low,Daily,85.2,89.5,94.6,95,8,47,98.8,6,10,12-04-24,High,89
EMP0816,22,0,3,Male,Associate Degree,In Relationship,No,Suburban,Engineering,Junior,Small (51-200),Retail,Good,Moderate (25-50 Mbps),40,Moderate,Few times per week,67.4,66.9,66,88.1,6,24,96.1,8,6,15-01-24,High,63.9
EMP0817,37,8,0,Female,Bachelor Degree,Divorced,No,Suburban,Marketing,Senior,Small (51-200),Retail,Average,Very Fast (100+ Mbps),36,Moderate,Few times per week,98.3,91.9,90,94.8,10,19,100,6,6,08-05-24,High,86.6
EMP0818,43,16,4,Male,Master Degree,In Relationship,No,Suburban,Finance,Lead,Small (51-200),Healthcare,Average,Moderate (25-50 Mbps),42,Moderate,Weekly,81.8,79.7,67.7,95,11,14,100,5,10,20-04-24,High,81.4
EMP0819,35,5,4,Male,Master Degree,Married,No,Suburban,Operations,Mid-Level,Medium (201-1000),Technology,Poor,Very Fast (100+ Mbps),44,Very High,Few times per week,83.7,78,56.8,81.6,9,7,100,6,8,04-05-24,High,76.4
EMP0820,44,0,4,Female,Bachelor Degree,Married,No,Suburban,Sales,Junior,Enterprise (5000+),Education,Good,Fast (50-100 Mbps),44,Very High,Few times per week,78.8,68.2,54.9,84.5,7,40,100,8,9,22-04-24,High,78.3
EMP0821,30,2,3,Male,Bachelor Degree,Single,Yes,Suburban,Customer Success,Junior,Small (51-200),Manufacturing,Excellent,Very Fast (100+ Mbps),47,High,Few times per week,71.8,87.9,95,95,15,20,100,9,5,07-05-24,Medium,80
EMP0822,47,10,3,Female,Bachelor Degree,Married,Yes,Rural,Customer Success,Mid-Level,Large (1001-5000),Technology,Excellent,Very Fast (100+ Mbps),39,High,Weekly,55,67,49.8,77.4,4,10,100,8,8,28-01-24,High,64.6
EMP0823,55,7,5,Female,Bachelor Degree,Single,No,Suburban,HR,Senior,Medium (201-1000),Education,Good,Moderate (25-50 Mbps),41,Low,Bi-weekly,88.1,76.2,53.1,95,2,0,100,4,9,23-04-24,High,77.4
EMP0824,31,4,0,Female,Master Degree,Divorced,No,Urban,Engineering,Mid-Level,Large (1001-5000),Finance,Good,Very Fast (100+ Mbps),36,High,Few times per week,100,84.1,73.4,95,8,23,100,6,7,09-03-24,Medium,98
EMP0825,30,0,0,Female,Bachelor Degree,Married,No,Suburban,Customer Success,Junior,Large (1001-5000),Education,Poor,Slow (<25 Mbps),43,Low,Weekly,64.6,82.9,63,79.9,3,3,100,5,6,12-02-24,High,64.8
EMP0826,48,21,1,Male,Master Degree,Married,Yes,Suburban,Product,Lead,Large (1001-5000),Finance,Average,Very Fast (100+ Mbps),36,Moderate,Few times per week,97.5,92.2,87.3,95,6,44,100,6,5,06-02-24,High,93.2
EMP0827,49,6,1,Male,Bachelor Degree,Single,Yes,Rural,Engineering,Lead,Medium (201-1000),Finance,Excellent,Fast (50-100 Mbps),38,Moderate,Weekly,71.5,89.1,74.3,94.3,12,43,100,5,7,26-04-24,High,82.3
EMP0828,30,0,1,Male,Master Degree,Married,No,Suburban,Sales,Junior,Large (1001-5000),Consulting,Average,Fast (50-100 Mbps),47,High,Bi-weekly,88.8,85.4,77,95,7,50,100,2,4,13-04-24,High,90.9
EMP0829,31,1,4,Female,Bachelor Degree,Married,Yes,Urban,Data Science,Junior,Small (51-200),Manufacturing,Excellent,Very Fast (100+ Mbps),42,High,Daily,100,91.1,91.2,95,6,18,100,8,6,21-03-24,Medium,98
EMP0830,32,7,3,Male,Master Degree,Married,Yes,Urban,Operations,Lead,Enterprise (5000+),Finance,Excellent,Very Fast (100+ Mbps),50,High,Few times per week,52.6,79.7,69.4,77.3,10,15,100,9,7,14-03-24,High,60.2
EMP0831,22,1,5,Male,PhD,Married,Yes,Suburban,Marketing,Junior,Medium (201-1000),Finance,Average,Very Fast (100+ Mbps),49,Very Low,Monthly,72.3,85.4,65.8,83.5,13,0,100,4,7,21-01-24,Medium,74.2
EMP0832,26,1,2,Male,Master Degree,Single,Yes,Suburban,Engineering,Junior,Medium (201-1000),Retail,Poor,Slow (<25 Mbps),43,Low,Few times per week,65.9,73.7,59,86,12,37,100,6,7,26-03-24,High,73.4
EMP0833,25,0,2,Female,Master Degree,Married,No,Suburban,Operations,Mid-Level,Enterprise (5000+),Consulting,Excellent,Fast (50-100 Mbps),44,High,Bi-weekly,81.7,100,83.1,95,6,31,100,6,7,15-02-24,High,98
EMP0834,28,0,5,Male,Associate Degree,Married,No,Urban,Marketing,Junior,Large (1001-5000),Retail,Average,Very Fast (100+ Mbps),40,High,Daily,80.9,82.1,53.3,95,13,0,100,8,1,11-05-24,Low,78.5
EMP0835,34,6,4,Non-binary,Master Degree,Divorced,Yes,Suburban,Engineering,Lead,Large (1001-5000),Healthcare,Average,Very Fast (100+ Mbps),48,Moderate,Few times per week,67.4,61,66.6,82.7,14,7,93.3,7,2,02-05-24,High,67.5
EMP0836,37,5,3,Male,Bachelor Degree,Married,Yes,Suburban,Marketing,Senior,Small (51-200),Government,Excellent,Very Fast (100+ Mbps),44,High,Bi-weekly,88.2,100,75.9,95,11,44,100,7,7,30-01-24,High,91.9
EMP0837,48,18,3,Male,Bachelor Degree,Married,No,Urban,Engineering,Lead,Enterprise (5000+),Manufacturing,Good,Fast (50-100 Mbps),47,Moderate,Few times per week,86.2,76.2,47.9,95,7,18,85.4,9,10,13-03-24,High,82
EMP0838,26,2,4,Male,Associate Degree,In Relationship,Yes,Urban,HR,Mid-Level,Large (1001-5000),Technology,Average,Slow (<25 Mbps),38,Moderate,Few times per week,53.7,63.7,48.1,73.5,9,47,84.6,7,4,01-02-24,High,50.4
EMP0839,43,6,3,Female,PhD,Married,No,Urban,Data Science,Lead,Medium (201-1000),Healthcare,Average,Fast (50-100 Mbps),33,Moderate,Daily,97.4,91.4,82.3,95,9,4,100,6,7,26-04-24,High,92.7
EMP0840,33,4,2,Female,Master Degree,Married,No,Urban,Marketing,Mid-Level,Enterprise (5000+),Finance,Good,Very Fast (100+ Mbps),45,Moderate,Daily,97.9,100,90.9,95,9,55,100,2,6,14-03-24,Medium,95
EMP0841,34,1,4,Male,Master Degree,Married,No,Urban,Operations,Mid-Level,Small (51-200),Manufacturing,Excellent,Fast (50-100 Mbps),46,Moderate,Few times per week,84.6,88.6,80.1,95,5,24,100,8,4,09-04-24,High,91.1
EMP0842,41,11,3,Male,Master Degree,Divorced,No,Urban,Marketing,Senior,Startup (1-50),Technology,Good,Slow (<25 Mbps),42,High,Weekly,100,100,93.9,95,6,27,100,6,2,22-03-24,Medium,98
EMP0843,24,0,1,Female,Bachelor Degree,Married,Yes,Suburban,Engineering,Junior,Medium (201-1000),Finance,Average,Fast (50-100 Mbps),45,Moderate,Bi-weekly,66.9,71.4,62.9,86.1,5,90,100,7,7,26-03-24,High,71
EMP0844,38,9,3,Male,PhD,Married,No,Urban,Data Science,Senior,Startup (1-50),Finance,Good,Slow (<25 Mbps),36,Low,Weekly,100,99.3,95,95,9,14,100,6,4,31-03-24,High,98
EMP0845,36,4,3,Male,PhD,Married,Yes,Urban,Engineering,Mid-Level,Large (1001-5000),Technology,Excellent,Very Fast (100+ Mbps),47,Very High,Weekly,97.9,85.6,51.4,95,4,34,100,5,5,24-02-24,Medium,98
EMP0846,39,5,5,Male,Bachelor Degree,Single,Yes,Urban,Engineering,Mid-Level,Small (51-200),Finance,Average,Fast (50-100 Mbps),49,High,Weekly,86.7,73.4,90.2,80.7,6,0,100,6,6,15-05-24,High,71
EMP0847,37,6,1,Male,Bachelor Degree,Divorced,Yes,Suburban,Marketing,Senior,Startup (1-50),Retail,Good,Fast (50-100 Mbps),48,Very High,Weekly,79.4,100,66.6,95,10,56,100,2,7,20-04-24,High,98
EMP0848,57,15,5,Male,Master Degree,Married,Yes,Suburban,Finance,Lead,Medium (201-1000),Finance,Average,Fast (50-100 Mbps),42,Moderate,Weekly,93.3,100,89.5,95,9,0,100,7,6,08-05-24,High,96.5
EMP0849,29,3,3,Male,PhD,Married,Yes,Urban,Sales,Mid-Level,Medium (201-1000),Education,Poor,Fast (50-100 Mbps),49,Very High,Few times per week,100,90.9,93.5,95,5,38,100,4,6,11-03-24,Medium,98
EMP0850,30,0,3,Male,Master Degree,Married,Yes,Suburban,Engineering,Junior,Small (51-200),Education,Average,Very Fast (100+ Mbps),35,Moderate,Few times per week,98.6,90,74.9,95,11,24,100,5,8,02-04-24,High,95.3
EMP0851,29,1,1,Female,Master Degree,Single,No,Suburban,Customer Success,Junior,Startup (1-50),Education,Poor,Very Fast (100+ Mbps),45,High,Daily,47.6,59.2,33.3,78.5,6,26,100,3,1,28-04-24,Medium,61.2
EMP0852,30,6,4,Male,PhD,Divorced,No,Urban,Sales,Senior,Medium (201-1000),Healthcare,Poor,Moderate (25-50 Mbps),46,Moderate,Weekly,67,76.3,72.8,95,5,28,86.6,8,8,16-04-24,High,72.9
EMP0853,29,0,5,Female,Master Degree,In Relationship,Yes,Suburban,Engineering,Mid-Level,Large (1001-5000),Technology,Good,Very Fast (100+ Mbps),45,Moderate,Daily,97.8,90.9,95,95,12,0,100,4,7,08-05-24,Low,98
EMP0854,45,7,2,Male,Master Degree,Married,No,Suburban,Sales,Senior,Large (1001-5000),Technology,Average,Slow (<25 Mbps),36,High,Daily,59.4,72.3,56.6,95,9,54,100,5,7,19-03-24,High,71.5
EMP0855,47,5,2,Female,Master Degree,In Relationship,Yes,Urban,Engineering,Mid-Level,Startup (1-50),Manufacturing,Average,Fast (50-100 Mbps),43,High,Few times per week,100,96.4,75.7,95,10,51,100,5,6,09-03-24,High,97.1
EMP0856,29,2,3,Male,Bachelor Degree,Single,No,Suburban,Marketing,Junior,Medium (201-1000),Healthcare,Good,Very Fast (100+ Mbps),40,High,Monthly,99.8,95.4,81.3,95,11,17,100,5,3,30-04-24,High,88.3
EMP0857,27,1,4,Female,Master Degree,Divorced,Yes,Suburban,Finance,Junior,Small (51-200),Retail,Excellent,Moderate (25-50 Mbps),30,Moderate,Weekly,100,96.7,95,95,4,21,100,8,3,10-05-24,High,98
EMP0858,39,4,0,Male,Bachelor Degree,Married,No,Suburban,Customer Success,Mid-Level,Medium (201-1000),Healthcare,Good,Fast (50-100 Mbps),34,Moderate,Few times per week,77.1,92.1,76.7,95,10,34,100,7,6,25-03-24,Medium,87
EMP0859,30,4,4,Female,Master Degree,Married,Yes,Urban,Engineering,Senior,Enterprise (5000+),Technology,Excellent,Very Fast (100+ Mbps),48,High,Weekly,100,89,85.7,95,8,32,100,7,8,12-03-24,High,98
EMP0860,40,4,3,Male,Bachelor Degree,Single,No,Rural,Engineering,Senior,Small (51-200),Manufacturing,Good,Very Fast (100+ Mbps),39,High,Bi-weekly,85.9,90.3,92.5,95,7,32,100,4,9,08-05-24,High,98
EMP0861,36,2,2,Male,Associate Degree,Married,Yes,Suburban,Engineering,Junior,Small (51-200),Technology,Excellent,Moderate (25-50 Mbps),48,Very High,Few times per week,100,96.6,68.2,95,6,30,100,4,8,04-02-24,High,97.1
EMP0862,22,0,3,Female,High School,Single,Yes,Urban,Engineering,Junior,Small (51-200),Government,Average,Fast (50-100 Mbps),48,Moderate,Few times per week,51.4,52.7,51.6,65.8,7,43,78.2,4,8,19-04-24,High,49.9
EMP0863,48,8,2,Female,Master Degree,Divorced,Yes,Urban,Engineering,Senior,Enterprise (5000+),Technology,Good,Fast (50-100 Mbps),45,High,Few times per week,88.7,89.3,78.5,95,5,23,100,5,1,04-05-24,High,92.8
EMP0864,51,2,4,Male,Bachelor Degree,Divorced,Yes,Suburban,Sales,Junior,Medium (201-1000),Healthcare,Excellent,Fast (50-100 Mbps),38,Low,Daily,84.1,74.8,64.9,85.7,10,43,94.4,6,4,15-03-24,High,79.1
EMP0865,29,3,4,Female,Bachelor Degree,Single,No,Suburban,Engineering,Mid-Level,Medium (201-1000),Technology,Good,Very Fast (100+ Mbps),47,Moderate,Bi-weekly,75.9,81.6,73.9,92.5,5,30,100,4,9,12-03-24,High,84.2
EMP0866,31,3,3,Male,Bachelor Degree,Single,No,Urban,Operations,Mid-Level,Medium (201-1000),Media,Excellent,Moderate (25-50 Mbps),43,Moderate,Weekly,75.7,78.6,48.6,95,6,40,100,6,9,17-02-24,High,73.4
EMP0867,37,3,3,Male,Bachelor Degree,Divorced,Yes,Urban,Sales,Mid-Level,Small (51-200),Non-profit,Average,Very Fast (100+ Mbps),42,Very High,Weekly,100,98.5,86.4,95,8,44,100,4,4,20-04-24,High,98
EMP0868,38,2,2,Non-binary,Associate Degree,Married,No,Suburban,Engineering,Junior,Large (1001-5000),Technology,Good,Very Fast (100+ Mbps),36,Very High,Few times per week,88.4,100,68.5,95,5,19,100,4,7,15-02-24,High,91.9
EMP0869,40,0,4,Male,Bachelor Degree,Single,No,Rural,Sales,Mid-Level,Startup (1-50),Technology,Good,Very Fast (100+ Mbps),38,Moderate,Monthly,99.2,86.7,88,95,7,9,100,4,6,01-05-24,High,94.3
EMP0870,53,24,3,Female,Bachelor Degree,Married,No,Urban,Engineering,Manager,Large (1001-5000),Technology,Average,Very Fast (100+ Mbps),36,High,Daily,96.8,100,95,95,10,50,100,7,1,05-04-24,High,98
EMP0871,33,4,3,Male,Bachelor Degree,Married,Yes,Suburban,Finance,Senior,Medium (201-1000),Manufacturing,Good,Fast (50-100 Mbps),47,Very High,Daily,74,84.6,81.4,85.7,9,49,100,6,8,19-02-24,Low,79.5
EMP0872,27,1,3,Female,Bachelor Degree,Single,No,Suburban,Sales,Junior,Startup (1-50),Finance,Average,Very Fast (100+ Mbps),51,Moderate,Daily,93.1,96.5,70.5,95,7,30,94,6,9,22-04-24,Medium,88.3
EMP0873,22,0,3,Female,Bachelor Degree,Married,Yes,Suburban,Engineering,Junior,Small (51-200),Education,Good,Very Fast (100+ Mbps),47,High,Weekly,79.7,79,64.8,89.5,8,25,100,7,9,23-04-24,Medium,71.1
EMP0874,28,1,2,Non-binary,Master Degree,Married,No,Suburban,Sales,Junior,Large (1001-5000),Technology,Good,Very Fast (100+ Mbps),43,High,Weekly,67.3,63.5,55.3,95,8,5,100,2,6,21-03-24,High,75
EMP0875,34,1,1,Female,Bachelor Degree,Single,Yes,Urban,Engineering,Junior,Small (51-200),Retail,Good,Fast (50-100 Mbps),40,Moderate,Few times per week,93.3,76.4,68.2,95,1,29,95.5,7,8,17-03-24,Medium,86.5
EMP0876,51,18,1,Male,Bachelor Degree,In Relationship,No,Suburban,Customer Success,Manager,Small (51-200),Healthcare,Excellent,Fast (50-100 Mbps),44,Low,Weekly,95.6,89.3,80.8,95,7,25,100,5,6,04-04-24,High,87.9
EMP0877,30,1,4,Female,Bachelor Degree,Married,No,Rural,Data Science,Junior,Startup (1-50),Retail,Excellent,Fast (50-100 Mbps),39,High,Daily,89.5,99.2,83,95,5,36,100,6,10,14-02-24,High,96.8
EMP0878,37,7,2,Male,Bachelor Degree,Single,Yes,Urban,Engineering,Senior,Large (1001-5000),Manufacturing,Excellent,Fast (50-100 Mbps),41,Moderate,Daily,85.9,75.5,68,95,5,43,100,5,10,19-02-24,High,86.3
EMP0879,34,1,0,Female,Associate Degree,Single,No,Suburban,Finance,Junior,Large (1001-5000),Technology,Average,Fast (50-100 Mbps),37,Moderate,Daily,83.3,96.7,83.6,95,5,69,100,7,8,11-03-24,High,91.8
EMP0880,45,12,4,Female,High School,Single,No,Urban,Engineering,Senior,Large (1001-5000),Education,Average,Very Fast (100+ Mbps),45,Very Low,Few times per week,100,90.5,89.4,95,6,0,89.8,4,6,24-01-24,Medium,96.9
EMP0881,57,28,1,Female,Master Degree,Married,No,Urban,Engineering,Manager,Medium (201-1000),Education,Excellent,Slow (<25 Mbps),46,High,Weekly,69.6,94.1,87.8,95,9,47,100,9,9,15-04-24,Medium,98
EMP0882,30,4,4,Female,Master Degree,Single,No,Suburban,Engineering,Mid-Level,Medium (201-1000),Healthcare,Good,Very Fast (100+ Mbps),47,Low,Weekly,100,99.2,88.7,95,6,15,100,5,5,20-02-24,High,98
EMP0883,30,3,2,Male,Bachelor Degree,Married,No,Urban,Product,Mid-Level,Small (51-200),Technology,Poor,Very Fast (100+ Mbps),45,High,Daily,100,100,90.9,95,3,34,100,7,5,14-02-24,High,98
EMP0884,44,2,1,Female,Master Degree,Single,No,Suburban,Sales,Junior,Small (51-200),Manufacturing,Excellent,Fast (50-100 Mbps),44,High,Daily,100,93.6,63.6,95,9,55,100,6,7,18-02-24,Medium,98
EMP0885,41,13,3,Male,High School,Married,No,Suburban,Data Science,Senior,Large (1001-5000),Non-profit,Good,Fast (50-100 Mbps),35,High,Bi-weekly,73.9,99.3,60.9,95,8,21,100,7,8,26-02-24,High,82.1
EMP0886,51,7,0,Female,PhD,Married,Yes,Rural,Marketing,Senior,Large (1001-5000),Government,Good,Moderate (25-50 Mbps),35,High,Daily,94.8,98.7,59.5,95,5,99,100,6,3,24-02-24,High,98
EMP0887,40,10,4,Male,Associate Degree,Married,No,Urban,Engineering,Mid-Level,Large (1001-5000),Manufacturing,Average,Very Fast (100+ Mbps),43,Moderate,Few times per week,89.9,100,87.4,95,10,19,87.9,5,8,08-05-24,High,98
EMP0888,31,3,3,Female,Master Degree,Married,No,Urban,HR,Mid-Level,Medium (201-1000),Finance,Good,Fast (50-100 Mbps),48,Moderate,Daily,72.9,71.2,52.8,78.2,13,18,93.8,4,9,24-03-24,High,70.7
EMP0889,40,2,1,Male,Associate Degree,In Relationship,No,Urban,Design,Mid-Level,Large (1001-5000),Finance,Poor,Fast (50-100 Mbps),40,High,Few times per week,61.1,76.8,57,73.7,14,0,100,6,7,25-01-24,High,61.6
EMP0890,44,4,2,Female,Master Degree,Married,Yes,Suburban,Customer Success,Mid-Level,Enterprise (5000+),Technology,Good,Very Fast (100+ Mbps),42,Very High,Few times per week,67.9,72.4,75.2,94,7,42,100,2,5,01-02-24,High,72.3
EMP0891,42,1,3,Male,Bachelor Degree,Married,Yes,Suburban,HR,Junior,Small (51-200),Finance,Good,Very Fast (100+ Mbps),42,High,Daily,92.1,91.2,63.6,93.7,9,26,100,2,7,03-02-24,High,83.2
EMP0892,39,4,1,Female,Associate Degree,Married,No,Urban,Sales,Junior,Small (51-200),Technology,Good,Fast (50-100 Mbps),30,High,Few times per week,79.3,59.7,50.2,81.9,7,5,100,6,4,13-02-24,High,64.3
EMP0893,44,19,2,Male,Master Degree,Divorced,No,Suburban,Engineering,Director,Medium (201-1000),Technology,Good,Very Fast (100+ Mbps),43,High,Few times per week,100,91.6,95,95,10,26,100,6,6,04-03-24,Medium,98
EMP0894,45,3,3,Female,High School,Single,Yes,Suburban,Engineering,Junior,Small (51-200),Media,Excellent,Very Fast (100+ Mbps),38,High,Daily,100,93.8,95,95,12,35,100,6,7,12-04-24,High,98
EMP0895,47,2,4,Male,Master Degree,Married,Yes,Suburban,Marketing,Mid-Level,Large (1001-5000),Government,Average,Very Fast (100+ Mbps),45,Very High,Weekly,100,92,92.5,95,4,7,100,5,6,03-02-24,High,98
EMP0896,40,3,3,Female,Master Degree,Married,Yes,Urban,Design,Mid-Level,Small (51-200),Government,Excellent,Very Fast (100+ Mbps),41,High,Weekly,68.9,78.8,53.7,95,9,13,100,7,6,14-04-24,Medium,69.2
EMP0897,33,7,4,Male,Bachelor Degree,Married,No,Urban,Finance,Senior,Medium (201-1000),Technology,Average,Very Fast (100+ Mbps),40,Moderate,Daily,59.5,67.6,45.5,87.7,12,28,100,4,7,11-02-24,High,67.8
EMP0898,36,4,5,Female,Bachelor Degree,Married,Yes,Suburban,Customer Success,Junior,Medium (201-1000),Media,Good,Very Fast (100+ Mbps),41,High,Daily,75.5,68.6,66.3,85.4,8,0,100,6,6,23-01-24,High,71.7
EMP0899,45,10,2,Male,High School,Married,No,Suburban,Engineering,Senior,Medium (201-1000),Technology,Good,Very Fast (100+ Mbps),40,Very High,Daily,99.1,100,95,95,10,46,100,8,3,08-03-24,Medium,98
EMP0900,27,1,4,Female,Master Degree,Single,No,Urban,Finance,Junior,Small (51-200),Healthcare,Excellent,Moderate (25-50 Mbps),33,High,Few times per week,78.6,84.3,77.5,95,9,44,100,8,6,07-03-24,High,86.9
EMP0901,38,4,4,Male,Bachelor Degree,In Relationship,No,Urban,Product,Mid-Level,Enterprise (5000+),Education,Good,Very Fast (100+ Mbps),47,High,Weekly,86.1,76.7,73.7,95,13,73,100,2,6,26-02-24,High,88.4
EMP0902,31,5,2,Male,Bachelor Degree,Single,Yes,Rural,Marketing,Mid-Level,Small (51-200),Healthcare,Average,Fast (50-100 Mbps),38,Moderate,Daily,98.9,100,87.5,95,3,30,98.9,5,6,24-03-24,High,98
EMP0903,35,5,5,Female,PhD,Single,No,Urban,Sales,Mid-Level,Large (1001-5000),Government,Average,Slow (<25 Mbps),39,Low,Few times per week,68.6,64.2,72.7,85.9,8,0,90.1,7,4,14-03-24,High,66.9
EMP0904,46,9,2,Male,Bachelor Degree,Married,No,Suburban,Finance,Senior,Large (1001-5000),Finance,Average,Moderate (25-50 Mbps),42,Moderate,Daily,70.2,83.5,87.4,90.7,9,0,100,7,3,08-03-24,Medium,73.7
EMP0905,36,6,2,Male,Professional Degree,Divorced,Yes,Suburban,Operations,Senior,Startup (1-50),Healthcare,Good,Very Fast (100+ Mbps),35,Moderate,Few times per week,100,89.8,71.2,95,8,1,100,6,8,22-01-24,Low,98
EMP0906,35,9,4,Female,Master Degree,Married,No,Suburban,Data Science,Senior,Enterprise (5000+),Technology,Excellent,Very Fast (100+ Mbps),39,High,Daily,91.9,91.6,95,95,5,71,100,4,7,10-02-24,High,98
EMP0907,22,1,3,Non-binary,Bachelor Degree,In Relationship,No,Suburban,Sales,Junior,Medium (201-1000),Consulting,Average,Fast (50-100 Mbps),53,High,Bi-weekly,96.2,100,66.8,95,6,22,100,5,10,30-04-24,Medium,98
EMP0908,41,8,2,Female,Bachelor Degree,Single,No,Suburban,Engineering,Senior,Medium (201-1000),Finance,Average,Moderate (25-50 Mbps),44,Moderate,Weekly,58.6,97.5,59.9,95,5,68,82.5,8,10,08-03-24,High,77.3
EMP0909,40,15,1,Male,Master Degree,Married,No,Urban,Marketing,Lead,Medium (201-1000),Retail,Good,Very Fast (100+ Mbps),36,Low,Daily,56.8,66,61.2,90.6,8,50,78.9,4,7,04-03-24,High,62
EMP0910,54,5,4,Male,Bachelor Degree,Married,Yes,Suburban,Engineering,Mid-Level,Medium (201-1000),Retail,Excellent,Very Fast (100+ Mbps),29,Low,Bi-weekly,76.1,81.4,77.6,95,3,4,86.3,9,6,09-05-24,High,81.8
EMP0911,32,1,4,Female,Associate Degree,Divorced,Yes,Urban,Operations,Junior,Startup (1-50),Retail,Average,Moderate (25-50 Mbps),48,High,Daily,92.6,88.2,71.2,95,8,13,100,6,4,22-04-24,Low,88.8
EMP0912,36,2,3,Male,Bachelor Degree,Married,Yes,Suburban,Engineering,Junior,Large (1001-5000),Healthcare,Average,Very Fast (100+ Mbps),35,High,Daily,100,94.7,89.9,95,11,59,100,5,6,29-03-24,High,98
EMP0913,37,3,5,Female,Master Degree,Single,No,Suburban,Design,Mid-Level,Medium (201-1000),Technology,Good,Fast (50-100 Mbps),38,High,Bi-weekly,97.3,100,77,95,6,0,100,5,8,15-05-24,Low,97.8
EMP0914,49,5,2,Male,Master Degree,Married,No,Suburban,Customer Success,Junior,Startup (1-50),Education,Good,Fast (50-100 Mbps),39,Very High,Daily,86.2,92.7,69.4,95,12,21,100,4,10,13-04-24,High,90.4
EMP0915,34,2,2,Non-binary,Bachelor Degree,Married,Yes,Urban,Engineering,Mid-Level,Large (1001-5000),Government,Average,Very Fast (100+ Mbps),36,Moderate,Bi-weekly,50.8,54.7,43.9,72.4,9,42,100,5,7,17-01-24,High,56.9
EMP0916,37,4,4,Female,Bachelor Degree,Married,Yes,Urban,Engineering,Mid-Level,Large (1001-5000),Consulting,Excellent,Very Fast (100+ Mbps),41,High,Few times per week,100,94,95,95,4,25,100,3,7,03-05-24,Medium,89.4
EMP0917,40,8,4,Female,Master Degree,Divorced,No,Suburban,Marketing,Senior,Medium (201-1000),Technology,Good,Fast (50-100 Mbps),38,High,Monthly,99.7,95.3,79.5,95,5,0,100,8,9,06-05-24,High,98
EMP0918,36,8,2,Male,PhD,Single,No,Urban,HR,Lead,Startup (1-50),Technology,Excellent,Fast (50-100 Mbps),45,Moderate,Weekly,99.9,100,95,95,5,77,100,9,4,21-04-24,High,98
EMP0919,30,3,0,Female,High School,Single,Yes,Rural,Engineering,Mid-Level,Small (51-200),Healthcare,Excellent,Moderate (25-50 Mbps),42,Very High,Daily,100,95.5,95,95,6,7,100,7,7,28-03-24,High,98
EMP0920,36,4,4,Male,Associate Degree,Single,No,Rural,Engineering,Senior,Startup (1-50),Manufacturing,Poor,Fast (50-100 Mbps),50,High,Bi-weekly,81.7,90.7,70.2,85,9,25,100,8,7,03-03-24,High,73.8
EMP0921,44,0,5,Female,Master Degree,Married,No,Urban,Marketing,Junior,Medium (201-1000),Finance,Good,Very Fast (100+ Mbps),50,Very High,Daily,65,76.1,57.9,92.9,6,0,100,4,5,16-03-24,High,70.9
EMP0922,25,2,4,Female,Master Degree,Single,Yes,Urban,Finance,Junior,Enterprise (5000+),Retail,Average,Fast (50-100 Mbps),36,High,Weekly,89.4,92,87.4,95,9,10,100,2,8,15-01-24,High,88.4
EMP0923,36,5,2,Male,Master Degree,Married,Yes,Urban,Engineering,Mid-Level,Startup (1-50),Government,Good,Fast (50-100 Mbps),40,Very High,Few times per week,78.3,91.7,74.2,95,7,55,100,6,4,14-05-24,High,77.9
EMP0924,28,2,5,Male,PhD,Single,Yes,Rural,HR,Mid-Level,Small (51-200),Healthcare,Average,Fast (50-100 Mbps),54,Moderate,Weekly,70.6,74,68.6,70.3,9,0,92.4,8,3,29-02-24,High,64.9
EMP0925,45,15,5,Female,Master Degree,In Relationship,Yes,Urban,Design,Lead,Large (1001-5000),Technology,Good,Very Fast (100+ Mbps),35,Moderate,Weekly,96.6,95.4,95,95,12,0,82.9,8,6,22-02-24,High,91.4
EMP0926,22,0,3,Male,Bachelor Degree,Single,No,Urban,Engineering,Junior,Startup (1-50),Media,Excellent,Fast (50-100 Mbps),46,Moderate,Weekly,75.6,86.8,61,95,7,27,67.4,6,5,20-04-24,Low,75.4
EMP0927,29,1,4,Female,Master Degree,Single,Yes,Suburban,Marketing,Junior,Startup (1-50),Healthcare,Average,Fast (50-100 Mbps),45,Moderate,Weekly,91,81.6,86.4,95,5,47,100,6,6,04-03-24,High,88.6
EMP0928,38,4,4,Male,Master Degree,Married,Yes,Urban,Engineering,Mid-Level,Medium (201-1000),Finance,Excellent,Fast (50-100 Mbps),36,Moderate,Weekly,88.7,88.3,76.7,95,3,58,78.6,5,4,03-05-24,Medium,87.4
EMP0929,49,4,5,Male,Professional Degree,Married,No,Urban,Engineering,Mid-Level,Large (1001-5000),Finance,Good,Moderate (25-50 Mbps),37,High,Few times per week,71.8,83.2,54.4,93.6,8,0,100,8,6,08-05-24,High,74.5
EMP0930,34,6,4,Female,Bachelor Degree,Married,Yes,Urban,Engineering,Mid-Level,Large (1001-5000),Finance,Good,Very Fast (100+ Mbps),53,Moderate,Bi-weekly,100,100,93.3,95,9,41,100,7,6,30-04-24,High,98
EMP0931,30,0,4,Female,Bachelor Degree,Divorced,No,Suburban,Sales,Junior,Large (1001-5000),Retail,Excellent,Very Fast (100+ Mbps),52,High,Weekly,91.1,92.7,85.5,95,10,32,100,4,10,08-03-24,Medium,86.6
EMP0932,51,16,4,Male,Master Degree,Married,Yes,Urban,Customer Success,Manager,Small (51-200),Finance,Excellent,Fast (50-100 Mbps),44,High,Weekly,80.8,76.5,62,89.6,10,15,100,5,8,23-03-24,High,71.9
EMP0933,22,0,3,Female,Bachelor Degree,In Relationship,No,Suburban,Operations,Mid-Level,Large (1001-5000),Finance,Average,Slow (<25 Mbps),33,Very High,Monthly,100,100,84.9,95,11,18,100,4,9,19-04-24,High,98
EMP0934,22,0,4,Female,Bachelor Degree,Married,No,Suburban,Engineering,Junior,Startup (1-50),Retail,Good,Very Fast (100+ Mbps),49,Very High,Daily,88.2,97.5,79.4,95,7,38,100,6,8,18-04-24,High,98
EMP0935,38,3,4,Female,Master Degree,Single,Yes,Suburban,Engineering,Senior,Small (51-200),Technology,Good,Very Fast (100+ Mbps),33,Low,Few times per week,100,93.9,81.3,95,8,25,100,4,8,24-03-24,High,98
EMP0936,30,4,5,Male,Bachelor Degree,Divorced,No,Suburban,Operations,Mid-Level,Small (51-200),Technology,Good,Moderate (25-50 Mbps),46,High,Weekly,100,99.9,95,95,12,0,100,4,8,26-04-24,Medium,98
EMP0937,25,1,3,Male,Master Degree,In Relationship,Yes,Urban,Engineering,Junior,Small (51-200),Retail,Good,Moderate (25-50 Mbps),32,High,Daily,66.2,63.4,75,84.7,6,48,100,4,5,01-04-24,High,69.2
EMP0938,41,7,3,Female,Master Degree,In Relationship,No,Suburban,Sales,Senior,Small (51-200),Consulting,Average,Moderate (25-50 Mbps),42,Moderate,Few times per week,99.3,100,89.5,95,1,48,100,4,6,08-05-24,High,98
EMP0939,37,6,3,Female,Bachelor Degree,Single,No,Urban,Marketing,Senior,Medium (201-1000),Technology,Average,Very Fast (100+ Mbps),47,High,Bi-weekly,100,87.2,87.4,95,12,30,100,8,9,12-02-24,Medium,95.7
EMP0940,29,4,4,Male,Professional Degree,Married,Yes,Suburban,Product,Mid-Level,Medium (201-1000),Technology,Excellent,Moderate (25-50 Mbps),25,Low,Daily,76.8,80.1,69.7,95,8,12,100,9,3,17-03-24,High,72.3
EMP0941,23,0,4,Female,Master Degree,Single,No,Urban,Engineering,Junior,Small (51-200),Retail,Good,Fast (50-100 Mbps),38,Low,Bi-weekly,96.1,81.1,63.8,95,11,22,79.3,10,3,12-02-24,High,91
EMP0942,42,3,0,Male,Bachelor Degree,Single,Yes,Urban,Finance,Mid-Level,Large (1001-5000),Education,Good,Fast (50-100 Mbps),42,High,Monthly,58.9,80.4,61.1,95,11,54,100,2,7,18-02-24,High,70.8
EMP0943,40,11,3,Male,Bachelor Degree,Married,No,Urban,Engineering,Lead,Large (1001-5000),Finance,Good,Very Fast (100+ Mbps),39,Very High,Daily,93.4,85.1,95,95,10,7,100,6,9,10-03-24,High,98
EMP0944,34,5,1,Female,PhD,In Relationship,Yes,Urban,Operations,Mid-Level,Small (51-200),Technology,Good,Fast (50-100 Mbps),37,High,Weekly,95.8,93.9,61.7,95,5,55,100,4,8,17-03-24,High,83.2
EMP0945,51,1,0,Female,Bachelor Degree,Married,No,Suburban,Operations,Junior,Small (51-200),Technology,Good,Very Fast (100+ Mbps),41,High,Daily,71.9,89.4,58.4,95,8,18,100,10,8,18-01-24,High,86.9
EMP0946,25,1,4,Male,Bachelor Degree,Divorced,Yes,Suburban,Customer Success,Junior,Small (51-200),Manufacturing,Excellent,Very Fast (100+ Mbps),48,High,Weekly,100,100,77.3,95,6,16,100,10,6,04-03-24,Medium,98
EMP0947,22,0,2,Female,Bachelor Degree,Single,No,Urban,Marketing,Junior,Startup (1-50),Healthcare,Good,Fast (50-100 Mbps),50,High,Few times per week,88.3,92.1,88.8,95,9,20,100,9,7,27-02-24,High,94.7
EMP0948,28,0,2,Female,Bachelor Degree,Single,No,Suburban,Sales,Junior,Large (1001-5000),Consulting,Excellent,Very Fast (100+ Mbps),46,Moderate,Bi-weekly,100,100,83.6,95,4,10,93.5,1,8,09-04-24,High,98
EMP0949,34,6,0,Female,Bachelor Degree,Married,No,Suburban,Engineering,Senior,Startup (1-50),Education,Excellent,Very Fast (100+ Mbps),51,High,Daily,63.8,73.2,68,95,7,63,100,4,8,10-04-24,High,79
EMP0950,37,8,1,Female,Professional Degree,Married,Yes,Suburban,Engineering,Senior,Small (51-200),Education,Poor,Very Fast (100+ Mbps),38,High,Weekly,100,99.8,95,95,9,41,100,6,7,26-04-24,High,98
EMP0951,32,2,4,Male,Master Degree,Divorced,No,Suburban,Marketing,Junior,Startup (1-50),Government,Good,Fast (50-100 Mbps),45,High,Weekly,100,100,83.8,95,6,12,100,4,8,06-03-24,High,97.2
EMP0952,38,3,3,Male,Bachelor Degree,Married,Yes,Urban,Product,Senior,Large (1001-5000),Technology,Good,Very Fast (100+ Mbps),35,Moderate,Daily,81,74.8,48.8,95,7,17,100,8,2,16-04-24,Medium,79.2
EMP0953,23,0,5,Male,Bachelor Degree,Married,Yes,Urban,Marketing,Junior,Startup (1-50),Healthcare,Good,Fast (50-100 Mbps),59,High,Weekly,81.9,76.3,75.2,90.1,9,0,100,7,9,05-02-24,High,79.7
EMP0954,47,10,3,Female,Master Degree,Married,Yes,Suburban,HR,Mid-Level,Large (1001-5000),Technology,Average,Fast (50-100 Mbps),42,High,Monthly,84,67.6,58.3,95,10,46,100,4,9,01-05-24,Low,79.9
EMP0955,34,4,2,Female,High School,Single,Yes,Rural,Sales,Senior,Startup (1-50),Finance,Good,Fast (50-100 Mbps),46,High,Few times per week,87.7,89.3,77.9,95,4,30,100,8,3,14-03-24,Medium,83.4
EMP0956,45,12,2,Male,Master Degree,Divorced,No,Suburban,Marketing,Senior,Large (1001-5000),Technology,Good,Fast (50-100 Mbps),31,High,Weekly,100,98,80.1,95,14,50,100,6,6,11-05-24,Medium,95.1
EMP0957,38,6,4,Male,Master Degree,Married,Yes,Suburban,Sales,Senior,Enterprise (5000+),Technology,Good,Fast (50-100 Mbps),46,High,Few times per week,95.8,100,92.4,95,9,21,100,7,9,31-01-24,High,96.8
EMP0958,39,10,3,Male,Master Degree,Married,No,Suburban,Engineering,Senior,Medium (201-1000),Government,Average,Very Fast (100+ Mbps),42,Very Low,Few times per week,99.4,66.2,65.4,95,8,37,90.5,3,6,03-04-24,High,77.3
EMP0959,40,4,5,Male,Bachelor Degree,Divorced,Yes,Suburban,Sales,Mid-Level,Large (1001-5000),Education,Average,Very Fast (100+ Mbps),44,Moderate,Daily,89,95.5,77.4,95,5,0,81.2,6,3,23-03-24,Medium,92.9
EMP0960,39,6,4,Female,Bachelor Degree,Married,Yes,Suburban,HR,Senior,Large (1001-5000),Media,Good,Fast (50-100 Mbps),42,Moderate,Few times per week,100,96,89.3,95,10,13,100,7,10,18-01-24,Medium,93.2
EMP0961,40,6,3,Female,High School,Divorced,No,Urban,Sales,Mid-Level,Large (1001-5000),Finance,Average,Slow (<25 Mbps),41,Low,Few times per week,91.8,96.8,94.5,95,4,10,100,5,6,10-05-24,High,98
EMP0962,46,12,4,Male,Bachelor Degree,Single,Yes,Suburban,Finance,Manager,Large (1001-5000),Education,Average,Very Fast (100+ Mbps),40,Moderate,Weekly,89.3,100,83.7,95,8,23,100,4,6,05-03-24,Medium,95.7
EMP0963,36,1,5,Female,Bachelor Degree,Single,Yes,Suburban,HR,Junior,Small (51-200),Technology,Poor,Fast (50-100 Mbps),41,Moderate,Daily,58.8,55.5,42,80.2,6,0,74.2,6,7,30-03-24,High,53.4
EMP0964,41,13,2,Female,Master Degree,In Relationship,Yes,Suburban,Sales,Lead,Medium (201-1000),Healthcare,Poor,Moderate (25-50 Mbps),50,High,Daily,61.3,64,59,77.4,8,49,100,6,8,27-03-24,Low,59.7
EMP0965,34,3,2,Female,Master Degree,Divorced,No,Urban,Customer Success,Mid-Level,Enterprise (5000+),Healthcare,Good,Moderate (25-50 Mbps),39,Moderate,Weekly,93.4,77.8,68.2,95,9,26,87.5,4,9,08-04-24,High,85.5
EMP0966,47,8,4,Male,PhD,Married,No,Urban,Sales,Mid-Level,Small (51-200),Technology,Average,Very Fast (100+ Mbps),55,Very High,Daily,73.6,93.8,86.3,94.3,7,21,100,2,7,18-01-24,High,82.7
EMP0967,28,0,3,Male,Master Degree,Married,Yes,Suburban,Engineering,Junior,Enterprise (5000+),Manufacturing,Good,Fast (50-100 Mbps),42,High,Few times per week,85,80.6,58,94.6,9,27,100,4,9,25-01-24,High,83.6
EMP0968,51,11,5,Male,High School,In Relationship,Yes,Suburban,Engineering,Manager,Medium (201-1000),Technology,Good,Very Fast (100+ Mbps),50,High,Daily,81.4,90.7,64.3,95,9,0,100,5,5,06-04-24,High,82.9
EMP0969,34,0,3,Female,Master Degree,Single,No,Rural,Engineering,Junior,Medium (201-1000),Healthcare,Excellent,Fast (50-100 Mbps),48,Moderate,Few times per week,84.1,74.9,77.5,88.8,9,16,97.7,2,9,09-03-24,High,77.8
EMP0970,22,0,0,Female,Associate Degree,Single,No,Suburban,HR,Junior,Large (1001-5000),Healthcare,Excellent,Very Fast (100+ Mbps),32,High,Monthly,90.8,100,95,95,4,21,100,9,4,01-02-24,High,98
EMP0971,36,3,5,Female,Bachelor Degree,Married,Yes,Urban,Product,Mid-Level,Large (1001-5000),Non-profit,Excellent,Fast (50-100 Mbps),33,Moderate,Bi-weekly,74.1,87.3,66.2,95,9,0,100,4,9,04-05-24,Medium,74.4
EMP0972,28,4,4,Male,Bachelor Degree,Single,No,Urban,Engineering,Senior,Medium (201-1000),Technology,Poor,Moderate (25-50 Mbps),37,Moderate,Daily,53.1,50,43.8,63.2,10,27,70.7,7,5,14-03-24,High,47.4
EMP0973,42,11,1,Male,Master Degree,Single,Yes,Suburban,Engineering,Senior,Startup (1-50),Healthcare,Excellent,Slow (<25 Mbps),32,Very High,Few times per week,90.1,91,73.8,95,7,61,100,5,7,07-02-24,High,98
EMP0974,29,1,5,Male,Master Degree,Divorced,Yes,Urban,Sales,Junior,Large (1001-5000),Healthcare,Excellent,Moderate (25-50 Mbps),39,High,Bi-weekly,93.1,84.6,67.9,95,8,0,100,6,8,21-01-24,Medium,81.3
EMP0975,30,3,2,Non-binary,High School,Single,Yes,Rural,Finance,Mid-Level,Enterprise (5000+),Technology,Good,Very Fast (100+ Mbps),42,Very High,Bi-weekly,84.9,95.8,78.7,95,8,20,100,6,6,17-02-24,High,93.3
EMP0976,22,1,2,Male,Associate Degree,Divorced,No,Urban,Sales,Mid-Level,Medium (201-1000),Education,Good,Very Fast (100+ Mbps),45,High,Daily,71.6,79.9,64.9,88.7,5,29,100,7,4,03-03-24,High,73.8
EMP0977,30,3,5,Male,Associate Degree,Married,Yes,Rural,Marketing,Senior,Small (51-200),Technology,Poor,Fast (50-100 Mbps),43,Moderate,Weekly,97.1,90.8,75.8,95,10,0,95.7,7,6,25-02-24,Medium,86.9
EMP0978,22,1,3,Non-binary,Associate Degree,Married,No,Suburban,HR,Mid-Level,Small (51-200),Technology,Average,Fast (50-100 Mbps),42,Moderate,Daily,81.7,80.8,62.6,82.8,8,31,86.8,3,3,11-02-24,High,66.1
EMP0979,22,1,1,Female,Bachelor Degree,Married,No,Suburban,Sales,Mid-Level,Enterprise (5000+),Technology,Good,Very Fast (100+ Mbps),48,High,Few times per week,96.4,98.1,84,95,7,39,100,5,7,13-03-24,High,88.1
EMP0980,41,9,2,Female,Master Degree,Married,Yes,Urban,Data Science,Senior,Startup (1-50),Consulting,Poor,Very Fast (100+ Mbps),47,Moderate,Daily,94.5,83.1,76,95,8,63,100,6,7,25-02-24,Medium,84
EMP0981,42,11,4,Male,Master Degree,Single,No,Suburban,Sales,Senior,Medium (201-1000),Technology,Excellent,Moderate (25-50 Mbps),53,Low,Monthly,97.6,91.8,79.8,92.3,13,24,100,5,5,27-02-24,High,88
EMP0982,38,4,1,Female,Bachelor Degree,Single,Yes,Urban,Data Science,Mid-Level,Small (51-200),Healthcare,Poor,Moderate (25-50 Mbps),43,High,Weekly,91.9,88.8,70.7,95,9,7,100,3,7,21-04-24,High,98
EMP0983,26,1,3,Male,Master Degree,Married,Yes,Urban,Engineering,Junior,Small (51-200),Technology,Excellent,Very Fast (100+ Mbps),27,Moderate,Daily,92.4,77.7,79.2,85.8,7,7,100,5,3,06-05-24,Medium,75.4
EMP0984,34,9,4,Female,Bachelor Degree,Single,Yes,Urban,Engineering,Senior,Small (51-200),Technology,Average,Very Fast (100+ Mbps),44,Very High,Weekly,96.9,100,90.9,95,10,44,100,4,2,03-03-24,High,98
EMP0985,34,3,2,Male,PhD,Single,Yes,Suburban,HR,Senior,Small (51-200),Technology,Excellent,Fast (50-100 Mbps),55,Moderate,Daily,74.7,87,69.9,95,5,10,75.6,3,6,19-02-24,High,87
EMP0986,24,0,4,Male,Bachelor Degree,In Relationship,Yes,Urban,Finance,Junior,Large (1001-5000),Healthcare,Poor,Moderate (25-50 Mbps),48,Very High,Daily,94,99,80.5,95,7,22,100,5,6,20-04-24,High,90.9
EMP0987,48,6,5,Female,Master Degree,In Relationship,Yes,Rural,Customer Success,Senior,Small (51-200),Technology,Excellent,Fast (50-100 Mbps),49,Moderate,Few times per week,99.9,100,83.7,95,9,0,100,5,1,15-05-24,High,95.8
EMP0988,42,12,3,Female,PhD,Married,Yes,Urban,Sales,Manager,Small (51-200),Technology,Excellent,Slow (<25 Mbps),42,High,Few times per week,88.8,97.3,91.5,95,5,8,100,3,7,30-04-24,High,98
EMP0989,33,2,3,Female,Master Degree,Single,Yes,Urban,Design,Junior,Medium (201-1000),Manufacturing,Average,Fast (50-100 Mbps),47,Low,Daily,59,68.1,57.7,64.6,14,25,67.3,6,8,08-03-24,High,66.9
EMP0990,35,6,2,Male,Associate Degree,Married,No,Urban,Engineering,Senior,Enterprise (5000+),Healthcare,Excellent,Slow (<25 Mbps),49,High,Few times per week,100,98.6,93.4,95,10,40,100,5,6,16-02-24,High,98
EMP0991,36,8,4,Male,Master Degree,Divorced,Yes,Suburban,Engineering,Senior,Large (1001-5000),Technology,Average,Fast (50-100 Mbps),39,Very High,Few times per week,91.6,93.5,78.4,95,17,29,100,4,8,30-04-24,Medium,98
EMP0992,22,0,5,Female,Associate Degree,Single,Yes,Urban,Sales,Junior,Startup (1-50),Healthcare,Average,Moderate (25-50 Mbps),38,High,Few times per week,67.7,61.1,58.1,74.7,3,0,100,8,4,25-01-24,High,58.8
EMP0993,32,7,2,Female,High School,Single,No,Rural,Customer Success,Lead,Startup (1-50),Technology,Good,Moderate (25-50 Mbps),44,Moderate,Daily,100,100,95,95,3,32,99.3,1,7,15-03-24,High,98
EMP0994,28,2,3,Non-binary,Associate Degree,Divorced,No,Suburban,Finance,Junior,Medium (201-1000),Education,Good,Very Fast (100+ Mbps),47,Moderate,Daily,58.2,72.6,65.7,82,6,4,93,6,8,17-01-24,High,68
EMP0995,25,0,3,Female,Master Degree,In Relationship,No,Rural,Marketing,Junior,Large (1001-5000),Finance,Average,Very Fast (100+ Mbps),25,Low,Daily,75,77.2,39.7,78.9,7,16,90.8,5,7,19-04-24,High,68.3
EMP0996,32,3,3,Female,Master Degree,Married,Yes,Urban,Engineering,Mid-Level,Small (51-200),Technology,Average,Moderate (25-50 Mbps),40,Moderate,Few times per week,55.2,65.3,47.2,76.5,7,15,75.5,7,8,24-03-24,Medium,55.8
EMP0997,51,3,2,Female,Bachelor Degree,Single,No,Suburban,Engineering,Junior,Small (51-200),Technology,Good,Very Fast (100+ Mbps),30,Moderate,Few times per week,100,81.1,73.4,95,15,54,100,5,8,21-01-24,High,95.6
EMP0998,40,5,4,Male,Bachelor Degree,Married,Yes,Suburban,Sales,Junior,Large (1001-5000),Finance,Excellent,Very Fast (100+ Mbps),41,High,Bi-weekly,87.2,90.7,91.8,95,10,16,100,6,4,15-05-24,Medium,98
EMP0999,29,0,2,Male,PhD,Married,No,Suburban,Marketing,Junior,Medium (201-1000),Manufacturing,Good,Moderate (25-50 Mbps),52,Very High,Daily,83.3,85.6,91.3,86.1,7,0,100,8,3,28-02-24,High,84.3
EMP1000,40,4,4,Male,Bachelor Degree,Single,No,Suburban,Finance,Mid-Level,Medium (201-1000),Technology,Excellent,Moderate (25-50 Mbps),38,Very Low,Weekly,66.4,59.4,41,85.4,12,37,65.4,4,10,12-02-24,High,58.4
EMP1001,47,13,3,Male,Bachelor Degree,Single,No,Rural,Operations,Lead,Startup (1-50),Technology,Good,Very Fast (100+ Mbps),40,Low,Daily,72.2,93,57.7,95,8,32,100,3,6,07-04-24,High,85.5
EMP1002,43,9,3,Female,Bachelor Degree,Married,Yes,Urban,Design,Senior,Small (51-200),Healthcare,Average,Fast (50-100 Mbps),45,High,Daily,83.9,89,56.4,95,8,15,100,7,8,23-01-24,High,86.7
EMP1003,35,0,1,Female,Master Degree,Married,No,Suburban,Engineering,Junior,Small (51-200),Healthcare,Average,Fast (50-100 Mbps),47,Moderate,Few times per week,100,100,77.7,95,9,9,100,7,7,23-04-24,High,91.8
EMP1004,29,0,4,Female,Bachelor Degree,Married,No,Urban,Sales,Junior,Small (51-200),Technology,Average,Very Fast (100+ Mbps),47,Moderate,Weekly,47.5,50,44.5,51,7,18,71.8,8,2,07-04-24,High,37.5
EMP1005,41,8,1,Male,Master Degree,Divorced,No,Urban,Marketing,Mid-Level,Enterprise (5000+),Technology,Good,Moderate (25-50 Mbps),42,Moderate,Bi-weekly,89.4,86.6,84.6,95,4,34,98.5,10,6,20-01-24,High,93.8
EMP1006,38,4,1,Male,Bachelor Degree,Married,No,Urban,Finance,Mid-Level,Startup (1-50),Technology,Good,Fast (50-100 Mbps),45,Moderate,Weekly,79.3,80.3,65.5,93.5,13,46,97.7,5,7,20-04-24,Low,84.5
EMP1007,43,3,3,Male,Bachelor Degree,Divorced,No,Rural,Marketing,Mid-Level,Medium (201-1000),Technology,Average,Slow (<25 Mbps),45,Very High,Daily,100,100,66.6,95,8,51,100,5,8,18-01-24,Medium,98
EMP1008,40,9,4,Female,Bachelor Degree,Divorced,No,Rural,Product,Lead,Medium (201-1000),Finance,Average,Very Fast (100+ Mbps),37,Low,Weekly,90,83.1,85.9,95,8,29,92.1,8,10,15-05-24,Medium,87.4
EMP1009,44,5,0,Male,Associate Degree,Single,No,Urban,Operations,Senior,Small (51-200),Technology,Average,Very Fast (100+ Mbps),31,High,Weekly,100,89.7,76.7,95,3,48,100,8,5,15-02-24,High,88.1
EMP1010,30,2,0,Female,Bachelor Degree,Married,No,Rural,Engineering,Junior,Large (1001-5000),Education,Excellent,Moderate (25-50 Mbps),36,High,Few times per week,69.3,74,46.8,95,8,3,100,5,3,09-02-24,Medium,71.2
EMP1011,46,23,4,Male,Associate Degree,Married,Yes,Suburban,Engineering,Manager,Large (1001-5000),Non-profit,Good,Very Fast (100+ Mbps),50,High,Monthly,94.9,94,95,95,8,8,100,3,6,01-05-24,High,97.2
EMP1012,36,2,4,Male,Master Degree,Single,No,Suburban,HR,Junior,Enterprise (5000+),Education,Good,Very Fast (100+ Mbps),55,Moderate,Daily,46.2,50,34.4,55,5,41,52.5,6,2,17-01-24,High,35
EMP1013,53,12,2,Female,Bachelor Degree,Divorced,Yes,Urban,Finance,Senior,Small (51-200),Finance,Excellent,Slow (<25 Mbps),41,Moderate,Weekly,100,95,95,95,8,8,81.7,4,6,03-04-24,High,98
EMP1014,28,2,4,Female,Master Degree,Single,No,Suburban,Engineering,Mid-Level,Startup (1-50),Education,Average,Moderate (25-50 Mbps),50,Moderate,Daily,96.2,100,83.7,95,9,13,90.8,8,5,03-02-24,High,98
EMP1015,50,5,3,Female,PhD,Married,Yes,Urban,Engineering,Mid-Level,Startup (1-50),Education,Good,Fast (50-100 Mbps),40,Moderate,Weekly,96.4,94.6,82.3,95,10,30,100,8,5,14-02-24,High,91
EMP1016,36,2,4,Female,Master Degree,Married,No,Urban,Operations,Junior,Small (51-200),Consulting,Average,Fast (50-100 Mbps),44,Moderate,Weekly,71,86.5,58.6,89.4,11,30,100,8,1,31-01-24,High,76.7
EMP1017,29,2,5,Non-binary,PhD,Married,No,Suburban,Operations,Mid-Level,Medium (201-1000),Education,Good,Very Fast (100+ Mbps),38,High,Daily,66.3,69.9,73.7,92.3,7,0,100,3,5,15-03-24,High,74
EMP1018,30,0,0,Non-binary,Bachelor Degree,Married,Yes,Suburban,Engineering,Junior,Large (1001-5000),Education,Good,Slow (<25 Mbps),48,Low,Monthly,90.1,80.9,58,94.1,12,16,82,8,5,09-04-24,Medium,84.2
EMP1019,32,3,4,Female,Bachelor Degree,Married,No,Suburban,Marketing,Mid-Level,Small (51-200),Technology,Average,Moderate (25-50 Mbps),38,Very High,Daily,92.4,97.8,91.7,95,8,48,100,6,9,29-01-24,Medium,98
EMP1020,38,1,3,Female,PhD,Single,No,Rural,Sales,Junior,Enterprise (5000+),Finance,Good,Very Fast (100+ Mbps),36,Moderate,Daily,96.5,81,51.1,95,7,7,100,4,3,27-03-24,Medium,88.7
EMP1021,39,8,3,Male,Master Degree,Single,Yes,Suburban,Design,Mid-Level,Medium (201-1000),Finance,Average,Very Fast (100+ Mbps),42,Very High,Bi-weekly,100,100,93.6,95,10,29,100,5,8,15-05-24,High,98
EMP1022,29,0,4,Female,Master Degree,Divorced,Yes,Urban,Engineering,Junior,Medium (201-1000),Technology,Average,Moderate (25-50 Mbps),46,High,Daily,40,51.3,33.4,65.3,8,51,100,6,8,11-02-24,High,41.5
EMP1023,34,0,5,Male,Master Degree,Single,No,Urban,HR,Junior,Small (51-200),Finance,Average,Very Fast (100+ Mbps),42,High,Few times per week,89,100,83,95,12,0,100,6,5,14-03-24,High,98
EMP1024,54,2,0,Non-binary,Master Degree,Married,Yes,Suburban,Marketing,Mid-Level,Small (51-200),Healthcare,Good,Moderate (25-50 Mbps),39,Low,Weekly,73.2,72.5,62.1,82.7,2,41,100,4,9,13-04-24,High,66.9
EMP1025,50,21,0,Male,High School,Married,No,Rural,Engineering,Manager,Large (1001-5000),Education,Excellent,Slow (<25 Mbps),36,Very High,Weekly,86.5,96.7,95,95,3,2,100,4,7,16-02-24,Medium,92.1
EMP1026,38,3,1,Male,Master Degree,Single,No,Rural,Marketing,Mid-Level,Startup (1-50),Government,Good,Moderate (25-50 Mbps),31,High,Monthly,76.6,94.2,85.3,95,11,53,100,8,3,22-04-24,Medium,91
EMP1027,35,7,5,Female,Associate Degree,Married,No,Suburban,Engineering,Mid-Level,Large (1001-5000),Technology,Average,Fast (50-100 Mbps),39,Moderate,Weekly,91.3,86.7,68,95,6,0,100,8,5,02-03-24,High,88.8
EMP1028,36,9,4,Male,Bachelor Degree,Married,No,Suburban,Finance,Senior,Medium (201-1000),Technology,Good,Fast (50-100 Mbps),41,High,Weekly,96.3,93.6,95,95,12,22,100,7,6,05-02-24,High,98
EMP1029,40,9,4,Male,Bachelor Degree,Married,No,Suburban,Operations,Lead,Large (1001-5000),Consulting,Good,Very Fast (100+ Mbps),45,Moderate,Bi-weekly,95.3,100,76,95,5,35,100,7,10,01-04-24,High,98
EMP1030,25,1,0,Female,Bachelor Degree,Married,No,Urban,Engineering,Junior,Large (1001-5000),Government,Excellent,Fast (50-100 Mbps),34,Low,Few times per week,65.5,86.7,65.2,95,11,63,95.1,7,5,01-04-24,Medium,85.1
EMP1031,32,5,5,Female,High School,Single,No,Urban,Engineering,Senior,Small (51-200),Healthcare,Good,Very Fast (100+ Mbps),46,Moderate,Daily,79.6,76.4,62,93,8,0,83.9,9,6,19-04-24,High,77.1
EMP1032,22,0,4,Female,Master Degree,Married,No,Suburban,HR,Junior,Medium (201-1000),Technology,Average,Fast (50-100 Mbps),38,High,Weekly,84.5,94,84.5,95,8,0,100,8,7,15-04-24,High,91.6
EMP1033,38,7,4,Male,Master Degree,Single,Yes,Suburban,Engineering,Senior,Startup (1-50),Healthcare,Excellent,Very Fast (100+ Mbps),38,High,Daily,100,98.1,71.1,95,8,31,100,5,6,29-01-24,High,98
EMP1034,40,1,2,Female,Master Degree,Single,Yes,Rural,Marketing,Mid-Level,Medium (201-1000),Technology,Good,Very Fast (100+ Mbps),49,Very High,Daily,100,100,68.7,95,10,59,100,6,7,23-04-24,Medium,92.9
EMP1035,30,0,0,Male,Bachelor Degree,Married,No,Urban,Sales,Junior,Startup (1-50),Media,Excellent,Very Fast (100+ Mbps),27,High,Weekly,69.7,62.2,53.2,82.8,8,42,100,6,7,28-04-24,High,63.2
EMP1036,49,8,3,Male,PhD,Single,No,Suburban,Design,Senior,Medium (201-1000),Retail,Average,Moderate (25-50 Mbps),34,Very High,Monthly,100,82.4,74,95,5,47,100,6,3,04-02-24,High,91.3
EMP1037,23,0,4,Female,Associate Degree,Married,Yes,Suburban,Marketing,Junior,Startup (1-50),Technology,Average,Very Fast (100+ Mbps),42,Low,Few times per week,59.4,55.5,63.2,63.1,10,28,80.9,5,6,23-02-24,Medium,55.3
EMP1038,22,0,1,Female,Master Degree,Married,Yes,Suburban,Finance,Mid-Level,Enterprise (5000+),Media,Good,Very Fast (100+ Mbps),41,Moderate,Daily,52.2,70.3,57.6,69.3,6,68,82,8,8,28-01-24,High,55.9
EMP1039,37,5,4,Female,Associate Degree,Divorced,No,Urban,Engineering,Senior,Medium (201-1000),Education,Excellent,Very Fast (100+ Mbps),31,High,Few times per week,100,96.7,74.1,95,9,0,100,8,7,29-03-24,High,98
EMP1040,44,13,2,Female,Bachelor Degree,Married,Yes,Suburban,Engineering,Manager,Enterprise (5000+),Government,Excellent,Very Fast (100+ Mbps),39,High,Few times per week,96.3,94.8,95,95,5,53,100,5,6,18-01-24,Medium,98
EMP1041,50,8,4,Male,Bachelor Degree,Single,Yes,Suburban,Engineering,Mid-Level,Startup (1-50),Non-profit,Good,Moderate (25-50 Mbps),47,Moderate,Few times per week,100,93.9,93.1,95,7,0,100,3,8,12-05-24,High,98
EMP1042,30,4,3,Female,Master Degree,Married,Yes,Suburban,Sales,Mid-Level,Medium (201-1000),Technology,Good,Fast (50-100 Mbps),35,High,Few times per week,93.9,89.2,95,95,6,30,100,1,7,23-02-24,High,91.1
EMP1043,44,20,1,Male,High School,Single,No,Suburban,Finance,Manager,Small (51-200),Technology,Good,Very Fast (100+ Mbps),48,Low,Daily,100,90.9,93,95,9,11,100,3,8,28-03-24,Medium,98
EMP1044,34,3,3,Female,Bachelor Degree,Married,No,Suburban,Operations,Mid-Level,Medium (201-1000),Healthcare,Average,Very Fast (100+ Mbps),37,High,Few times per week,82.4,78.2,59.6,95,10,37,100,4,3,10-04-24,High,80.8
EMP1045,33,1,3,Female,Bachelor Degree,Single,Yes,Urban,Sales,Junior,Large (1001-5000),Government,Poor,Slow (<25 Mbps),30,Low,Bi-weekly,57.3,61.4,48,74.3,5,18,86.6,7,7,10-05-24,High,55.8
EMP1046,42,6,1,Female,Bachelor Degree,Single,Yes,Urban,Finance,Senior,Enterprise (5000+),Non-profit,Excellent,Fast (50-100 Mbps),46,Moderate,Weekly,100,92.2,87.1,95,11,37,100,4,7,03-03-24,High,98
EMP1047,40,6,4,Female,Master Degree,Married,No,Suburban,Engineering,Mid-Level,Small (51-200),Healthcare,Excellent,Very Fast (100+ Mbps),43,Low,Daily,72.1,70.1,59.8,82.7,3,15,100,6,7,05-03-24,High,67.8
EMP1048,22,1,0,Female,Bachelor Degree,Married,No,Urban,Engineering,Junior,Enterprise (5000+),Technology,Good,Very Fast (100+ Mbps),33,Very High,Few times per week,67.8,69.7,72.5,85,6,71,100,5,9,14-05-24,High,60.8
EMP1049,48,7,2,Female,Bachelor Degree,Married,No,Rural,Customer Success,Lead,Large (1001-5000),Technology,Good,Very Fast (100+ Mbps),38,Very High,Daily,90.8,100,95,95,12,30,100,8,6,15-04-24,High,98
EMP1050,47,3,0,Male,Bachelor Degree,Married,Yes,Urban,Operations,Senior,Enterprise (5000+),Manufacturing,Good,Very Fast (100+ Mbps),52,Moderate,Monthly,100,90.8,85.7,95,3,17,92.9,6,8,09-02-24,Medium,98
EMP1051,29,5,1,Male,Bachelor Degree,Married,Yes,Suburban,Operations,Mid-Level,Medium (201-1000),Education,Average,Moderate (25-50 Mbps),45,Low,Daily,52.7,52.8,42.8,44,10,5,78,7,8,24-01-24,Medium,40.7
EMP1052,38,3,2,Female,Bachelor Degree,Married,No,Suburban,Sales,Mid-Level,Enterprise (5000+),Healthcare,Excellent,Very Fast (100+ Mbps),48,Moderate,Bi-weekly,99.8,96.7,65.2,95,9,17,84.3,6,5,30-03-24,Medium,98
EMP1053,39,2,0,Female,Master Degree,Married,Yes,Urban,Sales,Junior,Large (1001-5000),Healthcare,Average,Moderate (25-50 Mbps),35,Moderate,Weekly,99.1,97.6,90.5,95,7,14,100,8,5,12-04-24,Medium,95
EMP1054,37,3,3,Male,Associate Degree,Single,No,Suburban,Engineering,Mid-Level,Startup (1-50),Retail,Good,Fast (50-100 Mbps),49,Very High,Few times per week,100,93.2,91.3,95,9,25,100,7,9,30-04-24,Low,92.6
EMP1055,30,3,1,Male,Associate Degree,Married,Yes,Suburban,Customer Success,Mid-Level,Small (51-200),Consulting,Poor,Very Fast (100+ Mbps),33,High,Daily,88.9,87.1,77.3,95,14,29,100,6,5,04-04-24,Medium,87.4
EMP1056,28,2,4,Male,Bachelor Degree,Married,Yes,Urban,Operations,Mid-Level,Small (51-200),Finance,Average,Moderate (25-50 Mbps),33,High,Bi-weekly,92,99.5,61.1,95,8,0,100,6,6,15-02-24,High,91.3
EMP1057,34,6,0,Female,Bachelor Degree,Single,Yes,Rural,Engineering,Mid-Level,Medium (201-1000),Technology,Average,Very Fast (100+ Mbps),47,Moderate,Daily,94.3,100,77.7,95,3,26,98.4,10,7,28-01-24,High,98
EMP1058,45,4,0,Male,Bachelor Degree,Single,No,Urban,Customer Success,Mid-Level,Large (1001-5000),Retail,Excellent,Fast (50-100 Mbps),34,High,Daily,81.5,98.4,80.8,95,11,0,100,7,5,13-04-24,High,89.9
EMP1059,39,3,2,Male,Bachelor Degree,Single,Yes,Suburban,Marketing,Junior,Large (1001-5000),Media,Average,Moderate (25-50 Mbps),51,High,Daily,59.2,71.4,63.2,83.8,11,51,100,7,7,22-04-24,High,70.2
EMP1060,31,3,5,Female,Bachelor Degree,Married,Yes,Urban,HR,Mid-Level,Large (1001-5000),Finance,Excellent,Slow (<25 Mbps),34,Moderate,Few times per week,84.3,73.8,83.1,95,8,0,83.3,3,5,22-02-24,Medium,83.6
EMP1061,41,11,4,Female,High School,Married,Yes,Urban,Engineering,Senior,Medium (201-1000),Technology,Average,Very Fast (100+ Mbps),36,Low,Daily,100,100,95,95,5,21,100,8,7,02-05-24,High,98
EMP1062,22,1,4,Male,Master Degree,Married,Yes,Rural,Engineering,Junior,Startup (1-50),Technology,Excellent,Very Fast (100+ Mbps),48,Moderate,Monthly,82,91,76.1,95,6,5,88.2,6,7,11-04-24,Medium,87.6
EMP1063,45,7,1,Male,Master Degree,Married,Yes,Suburban,Engineering,Senior,Small (51-200),Technology,Excellent,Fast (50-100 Mbps),38,Moderate,Daily,87.9,100,84.3,95,9,30,100,5,8,31-03-24,High,98
EMP1064,22,1,4,Female,Master Degree,In Relationship,Yes,Urban,Engineering,Junior,Large (1001-5000),Technology,Excellent,Very Fast (100+ Mbps),46,Very Low,Weekly,58.6,52.3,49.5,68.3,8,39,100,6,8,27-04-24,High,53
EMP1065,31,5,0,Male,Bachelor Degree,Single,Yes,Suburban,HR,Mid-Level,Startup (1-50),Education,Excellent,Fast (50-100 Mbps),35,Very High,Daily,99,100,81.7,95,10,29,100,6,7,30-01-24,Medium,98
EMP1066,24,0,2,Non-binary,Master Degree,Single,No,Suburban,Finance,Junior,Small (51-200),Technology,Good,Very Fast (100+ Mbps),40,Very High,Few times per week,82.3,94.6,83.6,95,3,36,100,4,5,25-04-24,High,95
EMP1067,23,0,4,Female,PhD,Married,No,Rural,Operations,Junior,Medium (201-1000),Education,Poor,Fast (50-100 Mbps),46,Moderate,Daily,74.8,74.9,58.2,95,6,37,94.2,5,6,27-03-24,Medium,74.9
EMP1068,45,3,2,Male,Master Degree,Married,Yes,Suburban,Product,Junior,Startup (1-50),Technology,Good,Very Fast (100+ Mbps),36,High,Monthly,93.8,96,74.4,95,14,23,100,7,7,24-04-24,High,98
EMP1069,30,2,5,Female,Bachelor Degree,Married,Yes,Rural,Engineering,Mid-Level,Small (51-200),Technology,Average,Moderate (25-50 Mbps),48,High,Daily,87,75.3,70.1,94.8,12,0,100,4,5,20-01-24,High,76.6
EMP1070,38,4,0,Male,Bachelor Degree,Married,No,Suburban,Product,Mid-Level,Startup (1-50),Healthcare,Excellent,Fast (50-100 Mbps),39,High,Weekly,94.3,92.6,75.5,95,9,17,100,8,9,28-02-24,Medium,95.7
EMP1071,34,2,5,Male,Bachelor Degree,In Relationship,Yes,Suburban,Product,Junior,Enterprise (5000+),Healthcare,Good,Very Fast (100+ Mbps),42,Moderate,Daily,84.4,96.5,67.2,95,11,0,100,3,3,23-03-24,Medium,89.7
EMP1072,39,5,4,Female,Bachelor Degree,Married,Yes,Rural,Marketing,Senior,Small (51-200),Technology,Excellent,Moderate (25-50 Mbps),35,High,Weekly,99.7,88,85,95,9,11,100,6,8,09-03-24,Medium,94.5
EMP1073,35,2,3,Female,Bachelor Degree,Single,No,Urban,Engineering,Junior,Large (1001-5000),Consulting,Excellent,Very Fast (100+ Mbps),37,High,Daily,78.2,94.9,78.3,95,2,37,100,5,6,08-04-24,High,92.3
EMP1074,23,0,0,Male,Master Degree,Married,No,Urban,Finance,Mid-Level,Startup (1-50),Technology,Excellent,Very Fast (100+ Mbps),36,High,Daily,91.8,96.4,87.2,95,12,39,100,2,9,02-03-24,Medium,94.8
EMP1075,43,1,2,Male,Master Degree,Single,No,Urban,Sales,Mid-Level,Large (1001-5000),Finance,Good,Very Fast (100+ Mbps),38,High,Weekly,80.9,100,85.9,95,5,45,100,7,7,23-01-24,High,98
EMP1076,30,5,5,Male,Bachelor Degree,Married,Yes,Urban,Customer Success,Mid-Level,Medium (201-1000),Healthcare,Excellent,Moderate (25-50 Mbps),51,Low,Daily,77.1,67.8,67.3,89.2,8,0,100,6,8,19-03-24,High,80
EMP1077,22,0,2,Male,Associate Degree,Single,No,Urban,Engineering,Mid-Level,Large (1001-5000),Consulting,Average,Very Fast (100+ Mbps),48,Very Low,Few times per week,45.8,60.1,45.6,66.9,9,9,56.2,7,8,06-04-24,Low,44.9
EMP1078,31,5,4,Female,Bachelor Degree,Married,Yes,Suburban,Marketing,Mid-Level,Large (1001-5000),Finance,Good,Very Fast (100+ Mbps),44,Moderate,Daily,63.6,51.1,52.9,85.3,9,50,53.9,5,7,27-02-24,High,57.7
EMP1079,48,1,5,Male,High School,Married,No,Suburban,Marketing,Junior,Medium (201-1000),Finance,Average,Slow (<25 Mbps),38,Very Low,Weekly,55.1,56.9,38.7,61.4,12,0,63.4,8,2,16-01-24,High,47.3
EMP1080,42,15,2,Non-binary,Bachelor Degree,Divorced,Yes,Urban,Engineering,Manager,Enterprise (5000+),Education,Poor,Very Fast (100+ Mbps),36,High,Few times per week,97,100,75.8,95,4,56,100,3,7,02-05-24,High,98
EMP1081,31,2,3,Male,Bachelor Degree,Married,Yes,Urban,Sales,Mid-Level,Medium (201-1000),Finance,Average,Moderate (25-50 Mbps),36,Moderate,Daily,91.6,89.3,95,95,5,9,97.5,4,9,08-03-24,Medium,84.1
EMP1082,31,0,4,Female,Bachelor Degree,Married,No,Urban,Engineering,Junior,Large (1001-5000),Retail,Average,Very Fast (100+ Mbps),40,High,Weekly,76.1,83.4,62.2,95,7,32,100,7,8,29-04-24,High,76.1
EMP1083,32,0,1,Female,PhD,Married,No,Suburban,Marketing,Junior,Medium (201-1000),Technology,Excellent,Moderate (25-50 Mbps),43,Moderate,Daily,60.7,54,48.1,80,7,16,100,9,9,17-03-24,Medium,56.8
EMP1084,53,3,1,Female,Bachelor Degree,Divorced,No,Suburban,Customer Success,Mid-Level,Enterprise (5000+),Consulting,Average,Fast (50-100 Mbps),45,High,Few times per week,92.4,93.1,78.2,95,8,3,100,8,6,28-01-24,High,98
EMP1085,38,8,3,Male,Bachelor Degree,Married,No,Urban,Engineering,Senior,Large (1001-5000),Technology,Good,Moderate (25-50 Mbps),42,Moderate,Few times per week,91.5,100,88.5,95,10,31,74.6,4,6,10-03-24,High,98
EMP1086,38,8,3,Male,Associate Degree,Single,No,Rural,HR,Senior,Small (51-200),Non-profit,Good,Slow (<25 Mbps),45,Very High,Bi-weekly,92,89.6,95,95,15,28,100,5,8,01-03-24,Low,98
EMP1087,44,2,4,Male,Bachelor Degree,In Relationship,No,Suburban,Engineering,Mid-Level,Medium (201-1000),Finance,Good,Moderate (25-50 Mbps),47,High,Daily,100,100,85,95,12,33,100,7,5,05-04-24,High,98
EMP1088,37,8,0,Non-binary,Bachelor Degree,Married,No,Rural,Finance,Senior,Large (1001-5000),Consulting,Average,Very Fast (100+ Mbps),39,Moderate,Weekly,71.8,88.1,60.2,95,9,53,86.2,9,8,08-05-24,Medium,80.2
EMP1089,32,9,5,Female,Master Degree,Married,No,Urban,Product,Senior,Large (1001-5000),Finance,Average,Moderate (25-50 Mbps),48,Moderate,Few times per week,92.2,83.2,63.3,95,10,0,97.4,5,6,30-04-24,High,82
EMP1090,33,7,0,Female,Bachelor Degree,Married,Yes,Suburban,Sales,Mid-Level,Enterprise (5000+),Technology,Excellent,Fast (50-100 Mbps),36,Moderate,Few times per week,98.2,100,78.5,95,11,51,100,5,5,13-03-24,High,98
EMP1091,34,6,4,Female,Bachelor Degree,Single,Yes,Suburban,Product,Senior,Small (51-200),Technology,Good,Very Fast (100+ Mbps),45,Moderate,Few times per week,94,81.3,81,91.5,6,26,99.2,2,7,14-04-24,High,74.7
EMP1092,34,3,3,Male,Master Degree,In Relationship,No,Suburban,Marketing,Mid-Level,Small (51-200),Consulting,Average,Moderate (25-50 Mbps),42,High,Daily,94,100,71.7,95,10,23,100,6,5,03-02-24,High,98
EMP1093,41,11,1,Female,High School,Married,No,Suburban,Sales,Senior,Medium (201-1000),Finance,Average,Fast (50-100 Mbps),43,Moderate,Few times per week,100,97.9,86.5,95,3,61,100,3,7,10-03-24,High,98
EMP1094,35,0,1,Non-binary,Bachelor Degree,Single,Yes,Rural,Product,Junior,Small (51-200),Finance,Excellent,Very Fast (100+ Mbps),39,Very High,Weekly,87.5,88.5,72.2,95,9,28,100,3,7,06-02-24,Medium,87.4
EMP1095,41,3,4,Male,Bachelor Degree,Divorced,Yes,Suburban,Engineering,Mid-Level,Medium (201-1000),Technology,Good,Very Fast (100+ Mbps),49,Moderate,Few times per week,89.3,99.1,72.2,95,5,41,100,7,8,17-04-24,High,98
EMP1096,34,1,5,Male,Master Degree,Married,No,Suburban,Engineering,Junior,Medium (201-1000),Government,Average,Fast (50-100 Mbps),38,Moderate,Daily,72,83.8,86.4,95,9,0,100,5,7,21-03-24,Medium,84
EMP1097,35,4,2,Female,Bachelor Degree,Single,No,Suburban,Operations,Senior,Small (51-200),Technology,Average,Fast (50-100 Mbps),50,Low,Daily,68.9,77.8,58.5,81.3,8,0,68.5,9,8,07-04-24,High,66.7
EMP1098,22,1,3,Male,Bachelor Degree,Single,No,Suburban,Customer Success,Junior,Small (51-200),Technology,Good,Fast (50-100 Mbps),50,High,Few times per week,66.2,68.1,56.2,83.1,11,16,97.1,7,10,18-02-24,High,62.4
EMP1099,43,12,2,Male,Master Degree,Married,Yes,Suburban,HR,Lead,Startup (1-50),Government,Average,Very Fast (100+ Mbps),44,High,Few times per week,70.7,63,57.7,87.9,7,34,100,5,6,02-04-24,High,67.7
EMP1100,38,0,0,Female,Bachelor Degree,Single,No,Urban,Engineering,Junior,Large (1001-5000),Media,Good,Fast (50-100 Mbps),40,High,Daily,100,98.1,87.1,95,11,47,100,7,7,27-04-24,High,96.1
EMP1101,43,13,4,Female,Bachelor Degree,Divorced,Yes,Suburban,Design,Lead,Small (51-200),Technology,Average,Moderate (25-50 Mbps),36,High,Few times per week,83.9,100,86.4,95,8,37,100,8,3,11-05-24,High,98
EMP1102,22,1,4,Male,Associate Degree,Married,Yes,Suburban,Finance,Junior,Small (51-200),Consulting,Good,Very Fast (100+ Mbps),30,Very High,Weekly,78.1,91.5,66,95,6,40,100,5,10,23-03-24,High,84.7
EMP1103,53,5,2,Male,Master Degree,Married,Yes,Suburban,Design,Senior,Medium (201-1000),Technology,Good,Fast (50-100 Mbps),45,Moderate,Daily,70.7,59.9,60.3,82.8,8,39,95.8,6,7,23-04-24,High,66.9
EMP1104,33,5,5,Female,Master Degree,Married,No,Urban,Sales,Senior,Startup (1-50),Technology,Average,Very Fast (100+ Mbps),35,High,Weekly,95,94.5,83,95,13,0,100,4,3,16-03-24,Medium,88.4
EMP1105,44,5,0,Female,PhD,Married,No,Suburban,Finance,Mid-Level,Enterprise (5000+),Consulting,Excellent,Very Fast (100+ Mbps),36,Moderate,Monthly,100,82.8,84.9,95,8,32,99.5,5,6,14-03-24,High,93.5
EMP1106,25,1,4,Male,PhD,Married,No,Suburban,Customer Success,Junior,Small (51-200),Manufacturing,Average,Fast (50-100 Mbps),45,Very High,Daily,100,96.1,76.6,95,7,42,100,6,3,10-03-24,High,90.5
EMP1107,40,3,3,Female,Master Degree,Married,Yes,Suburban,Sales,Junior,Large (1001-5000),Technology,Average,Very Fast (100+ Mbps),39,Very High,Daily,93,100,83.3,95,5,27,100,6,6,29-04-24,High,98
EMP1108,25,1,3,Female,Master Degree,In Relationship,No,Suburban,Data Science,Junior,Medium (201-1000),Technology,Poor,Fast (50-100 Mbps),43,Moderate,Few times per week,40,52.3,39.7,45.8,7,43,59.1,7,5,17-04-24,High,35
EMP1109,29,6,3,Female,Master Degree,Married,No,Urban,Engineering,Senior,Large (1001-5000),Technology,Good,Fast (50-100 Mbps),44,Low,Daily,82.4,88.8,62.7,85.5,7,32,88.1,9,6,30-03-24,High,82.9
EMP1110,52,12,2,Male,Bachelor Degree,Married,No,Urban,Sales,Manager,Small (51-200),Manufacturing,Average,Very Fast (100+ Mbps),51,High,Weekly,94.4,100,78.8,95,10,35,100,8,3,18-02-24,High,93.4
EMP1111,33,4,4,Male,Bachelor Degree,Single,No,Suburban,Design,Mid-Level,Small (51-200),Government,Average,Very Fast (100+ Mbps),43,Very High,Daily,91.2,99.2,76.9,95,3,38,100,8,8,25-02-24,Medium,98
EMP1112,36,1,4,Female,Bachelor Degree,Married,Yes,Urban,Data Science,Junior,Large (1001-5000),Technology,Average,Moderate (25-50 Mbps),38,Very High,Daily,99.7,100,95,95,5,29,100,6,8,03-05-24,High,98
EMP1113,42,1,2,Male,Bachelor Degree,Married,No,Suburban,Sales,Junior,Small (51-200),Consulting,Excellent,Very Fast (100+ Mbps),41,Low,Daily,93.8,84.5,63.8,95,7,40,55.4,3,4,15-02-24,Medium,81.3
EMP1114,39,2,4,Female,Master Degree,Married,No,Suburban,Engineering,Mid-Level,Large (1001-5000),Technology,Good,Fast (50-100 Mbps),38,Moderate,Daily,100,100,83.1,95,6,12,100,6,8,30-04-24,Low,98
EMP1115,36,11,2,Male,Bachelor Degree,Single,No,Rural,HR,Lead,Small (51-200),Retail,Good,Moderate (25-50 Mbps),53,Low,Daily,91,94,83.6,95,9,31,100,5,4,13-05-24,High,98
EMP1116,38,8,4,Male,Bachelor Degree,Divorced,No,Urban,Design,Senior,Large (1001-5000),Technology,Good,Moderate (25-50 Mbps),44,Very High,Daily,96.5,87,74.2,95,9,17,100,2,3,26-01-24,High,98
EMP1117,56,10,1,Male,Bachelor Degree,Married,Yes,Urban,Operations,Lead,Enterprise (5000+),Education,Average,Fast (50-100 Mbps),45,Low,Daily,78.5,87.3,66.9,95,9,40,85.2,4,4,19-02-24,Medium,84
EMP1118,34,5,1,Male,Master Degree,Married,No,Suburban,Operations,Mid-Level,Enterprise (5000+),Technology,Good,Very Fast (100+ Mbps),50,Moderate,Few times per week,100,88.5,82.5,95,7,38,100,7,2,06-05-24,High,86.4
EMP1119,36,10,2,Female,Master Degree,Married,No,Suburban,HR,Mid-Level,Small (51-200),Media,Average,Very Fast (100+ Mbps),36,Low,Daily,100,95.3,95,95,8,31,100,6,6,12-03-24,High,98
EMP1120,44,10,3,Male,Bachelor Degree,Married,Yes,Urban,Engineering,Senior,Small (51-200),Technology,Good,Very Fast (100+ Mbps),33,Very High,Weekly,96.5,100,77.5,95,11,23,100,9,10,15-02-24,Medium,98
EMP1121,44,4,4,Female,Bachelor Degree,Married,No,Suburban,Data Science,Senior,Enterprise (5000+),Finance,Excellent,Fast (50-100 Mbps),41,Moderate,Daily,91,100,72.9,95,7,31,100,9,9,20-04-24,Medium,98
EMP1122,45,11,3,Female,Bachelor Degree,Married,Yes,Suburban,Sales,Manager,Large (1001-5000),Consulting,Excellent,Very Fast (100+ Mbps),33,Moderate,Daily,99.3,95,79.5,95,12,0,100,6,6,14-03-24,High,97.9
EMP1123,40,9,0,Male,Associate Degree,Single,Yes,Urban,Operations,Mid-Level,Startup (1-50),Finance,Good,Moderate (25-50 Mbps),39,Moderate,Daily,79.7,81.8,54.4,95,6,5,100,4,8,27-03-24,High,87.4
EMP1124,24,0,2,Female,Bachelor Degree,Married,No,Urban,Marketing,Junior,Medium (201-1000),Technology,Good,Fast (50-100 Mbps),28,High,Weekly,93,100,93.6,95,2,31,100,5,8,02-04-24,High,98
EMP1125,49,13,4,Male,Master Degree,Single,No,Suburban,Marketing,Senior,Small (51-200),Healthcare,Good,Very Fast (100+ Mbps),33,Moderate,Few times per week,67.1,85.5,75.8,95,6,43,100,4,4,09-04-24,Medium,80.7
EMP1126,24,0,4,Female,Bachelor Degree,Married,Yes,Urban,Finance,Junior,Enterprise (5000+),Consulting,Average,Very Fast (100+ Mbps),49,Very Low,Daily,72.7,66.1,52.9,95,10,46,86.1,6,5,03-03-24,High,70.4
EMP1127,37,7,1,Female,Bachelor Degree,Single,Yes,Urban,Data Science,Lead,Startup (1-50),Finance,Good,Fast (50-100 Mbps),44,Moderate,Daily,88.2,83.5,71.9,95,11,5,100,8,7,27-02-24,High,86.4
EMP1128,28,0,0,Male,High School,Divorced,Yes,Urban,Finance,Junior,Medium (201-1000),Technology,Poor,Very Fast (100+ Mbps),52,Moderate,Monthly,53.5,50,41.9,55.4,8,97,37.6,8,5,18-01-24,High,38.3
EMP1129,34,0,4,Male,Bachelor Degree,Married,Yes,Suburban,Customer Success,Junior,Large (1001-5000),Finance,Poor,Fast (50-100 Mbps),41,Moderate,Weekly,69.7,80,70.7,81.1,3,11,100,4,9,18-03-24,High,72.1
EMP1130,37,0,1,Female,High School,Married,Yes,Suburban,Engineering,Junior,Enterprise (5000+),Government,Excellent,Moderate (25-50 Mbps),41,Moderate,Daily,83.3,80.4,76.3,94.2,4,15,85.9,6,5,02-05-24,Medium,79.1
EMP1131,37,8,1,Female,Bachelor Degree,Married,Yes,Urban,Customer Success,Lead,Large (1001-5000),Technology,Average,Slow (<25 Mbps),43,High,Few times per week,66.8,65.3,58.4,72.7,9,0,100,7,8,25-02-24,Medium,65.2
EMP1132,38,8,0,Male,Bachelor Degree,Divorced,Yes,Urban,Sales,Lead,Small (51-200),Finance,Average,Fast (50-100 Mbps),63,High,Few times per week,100,92.5,88.8,95,3,21,100,5,8,07-02-24,Medium,98
EMP1133,49,10,3,Female,Master Degree,Single,No,Urban,Engineering,Senior,Medium (201-1000),Education,Good,Moderate (25-50 Mbps),48,Moderate,Daily,87.7,89.8,63.4,94.5,5,19,100,8,6,17-03-24,High,75.8
EMP1134,39,1,3,Male,Bachelor Degree,Married,No,Suburban,Engineering,Junior,Enterprise (5000+),Technology,Good,Fast (50-100 Mbps),36,Very High,Weekly,88.3,95.8,71.7,95,8,48,100,5,5,11-02-24,High,86.1
EMP1135,32,4,4,Female,Bachelor Degree,Married,No,Urban,Finance,Mid-Level,Large (1001-5000),Finance,Average,Fast (50-100 Mbps),44,Moderate,Weekly,60.9,58.7,58.6,52.8,7,37,65,6,2,29-02-24,High,46.3
EMP1136,43,10,2,Male,Bachelor Degree,Single,No,Suburban,Data Science,Lead,Large (1001-5000),Government,Poor,Fast (50-100 Mbps),42,Moderate,Few times per week,72.7,82.7,82.4,84.8,10,57,82.9,6,8,26-04-24,High,69
EMP1137,45,8,4,Female,Master Degree,Single,Yes,Urban,Finance,Mid-Level,Large (1001-5000),Technology,Good,Very Fast (100+ Mbps),46,Moderate,Weekly,61.2,85.1,61.6,86.5,12,53,82,5,6,17-02-24,Medium,73.2
EMP1138,23,0,1,Male,Associate Degree,Single,No,Urban,Engineering,Mid-Level,Small (51-200),Manufacturing,Excellent,Very Fast (100+ Mbps),53,Low,Few times per week,56,55.9,57.4,68.1,5,79,73.9,9,6,27-02-24,High,49.7
EMP1139,40,3,4,Female,Master Degree,Single,No,Urban,Engineering,Junior,Large (1001-5000),Consulting,Good,Fast (50-100 Mbps),45,High,Daily,95.7,82.3,65.4,93.2,8,54,100,7,2,19-02-24,High,81.3
EMP1140,41,5,3,Female,Master Degree,Married,No,Suburban,Marketing,Junior,Small (51-200),Technology,Excellent,Slow (<25 Mbps),39,Very High,Daily,100,95.5,66.2,95,7,30,100,8,4,06-05-24,High,98
EMP1141,32,7,3,Female,Bachelor Degree,Single,Yes,Suburban,Engineering,Mid-Level,Medium (201-1000),Technology,Good,Fast (50-100 Mbps),53,High,Few times per week,100,100,87.3,95,12,18,100,7,6,31-03-24,High,98
EMP1142,47,4,2,Female,Master Degree,Married,Yes,Rural,Sales,Senior,Large (1001-5000),Media,Average,Fast (50-100 Mbps),34,Low,Daily,87.3,89.8,63.1,93.3,5,55,100,6,7,13-04-24,High,84.8
EMP1143,33,8,0,Female,Master Degree,Single,No,Urban,Finance,Senior,Startup (1-50),Manufacturing,Good,Fast (50-100 Mbps),40,Very Low,Few times per week,81.6,92,85.1,95,14,20,88.3,2,5,06-05-24,High,91.4
EMP1144,36,1,3,Female,Bachelor Degree,Married,Yes,Urban,Data Science,Junior,Medium (201-1000),Technology,Excellent,Fast (50-100 Mbps),47,High,Daily,59.1,63.7,37.5,73.6,9,34,100,7,4,19-02-24,High,58.2
EMP1145,33,5,4,Female,Master Degree,Divorced,No,Suburban,Sales,Senior,Small (51-200),Technology,Average,Very Fast (100+ Mbps),37,Very High,Daily,88.7,84.8,78.4,95,8,21,100,6,5,26-03-24,High,87.1
EMP1146,35,0,1,Female,Bachelor Degree,Married,Yes,Suburban,Engineering,Junior,Small (51-200),Education,Good,Moderate (25-50 Mbps),41,High,Bi-weekly,84.7,99,95,95,13,23,100,3,5,16-01-24,High,95.8
EMP1147,25,0,5,Female,Bachelor Degree,Single,Yes,Suburban,Customer Success,Mid-Level,Large (1001-5000),Finance,Excellent,Fast (50-100 Mbps),37,Moderate,Monthly,63,65,50.4,84.7,10,0,99.1,3,6,21-03-24,High,67
EMP1148,22,0,5,Female,Master Degree,Married,No,Urban,HR,Junior,Large (1001-5000),Healthcare,Average,Very Fast (100+ Mbps),41,Moderate,Few times per week,74.1,74.3,58.5,75.9,11,0,100,6,6,15-05-24,Medium,72
EMP1149,49,17,3,Male,Master Degree,Single,No,Urban,Customer Success,Lead,Startup (1-50),Government,Poor,Fast (50-100 Mbps),37,Moderate,Few times per week,85.1,84.4,66.7,95,7,0,99.9,8,3,08-02-24,High,81
EMP1150,27,2,5,Female,PhD,Single,Yes,Urban,Engineering,Junior,Medium (201-1000),Finance,Average,Very Fast (100+ Mbps),42,Moderate,Weekly,64.2,73.4,57.1,89.2,5,0,70.9,6,7,25-01-24,Medium,64
EMP1151,26,0,1,Male,Bachelor Degree,Single,No,Suburban,Sales,Junior,Medium (201-1000),Media,Good,Fast (50-100 Mbps),40,Moderate,Weekly,52.3,55.6,55.5,74.6,8,44,84.5,8,4,14-02-24,High,56.9
EMP1152,22,1,0,Female,Bachelor Degree,In Relationship,Yes,Suburban,Data Science,Junior,Startup (1-50),Education,Good,Fast (50-100 Mbps),49,High,Daily,65.1,64,46.6,60.7,12,16,100,8,8,16-04-24,Medium,52.3
EMP1153,29,3,0,Female,Bachelor Degree,Married,No,Suburban,Engineering,Mid-Level,Large (1001-5000),Technology,Excellent,Fast (50-100 Mbps),44,High,Few times per week,61.5,81.2,79.2,81.9,7,47,100,6,8,07-03-24,High,71.5
EMP1154,23,0,3,Non-binary,Associate Degree,Married,No,Urban,Finance,Junior,Small (51-200),Retail,Average,Very Fast (100+ Mbps),46,Moderate,Few times per week,40,50,46.2,45.9,9,22,100,5,3,17-03-24,Medium,43.8
EMP1155,49,16,0,Male,Bachelor Degree,In Relationship,No,Suburban,Engineering,Manager,Large (1001-5000),Healthcare,Good,Very Fast (100+ Mbps),42,Moderate,Few times per week,48.5,54.9,47.6,75.1,9,34,93.7,8,6,26-03-24,High,55.2
EMP1156,44,4,5,Male,Bachelor Degree,In Relationship,Yes,Suburban,Marketing,Mid-Level,Small (51-200),Technology,Poor,Very Fast (100+ Mbps),39,Very High,Daily,84.8,88.3,73,95,6,0,100,7,6,21-04-24,High,89.4
EMP1157,28,1,1,Female,Bachelor Degree,Married,Yes,Urban,Customer Success,Junior,Small (51-200),Technology,Poor,Fast (50-100 Mbps),44,High,Weekly,67.5,70.7,58.8,94.7,3,32,100,6,10,14-02-24,High,76.5
EMP1158,55,5,2,Male,Bachelor Degree,Married,No,Rural,Marketing,Junior,Startup (1-50),Healthcare,Good,Very Fast (100+ Mbps),43,Moderate,Daily,95.7,100,85.4,95,8,6,91.1,6,5,12-04-24,Medium,98
EMP1159,43,1,4,Male,Bachelor Degree,Married,Yes,Suburban,Customer Success,Junior,Startup (1-50),Education,Poor,Very Fast (100+ Mbps),27,Very High,Daily,80.9,83.7,65.2,95,10,14,100,4,7,15-03-24,High,77.2
EMP1160,32,1,2,Female,Professional Degree,Single,No,Suburban,Sales,Junior,Large (1001-5000),Government,Poor,Slow (<25 Mbps),42,Moderate,Daily,66.9,56.5,45,87.6,10,17,100,1,6,06-04-24,Medium,62.9
EMP1161,22,0,2,Female,Master Degree,Married,No,Suburban,Data Science,Mid-Level,Startup (1-50),Consulting,Good,Very Fast (100+ Mbps),46,Moderate,Daily,74.5,80.7,67.9,88,9,17,100,7,8,15-04-24,Medium,77.1
EMP1162,55,22,4,Male,Associate Degree,Married,Yes,Urban,Marketing,Manager,Startup (1-50),Technology,Good,Moderate (25-50 Mbps),37,Very High,Weekly,99.7,100,65,95,7,11,100,8,5,17-03-24,Medium,95.8
EMP1163,22,0,2,Female,Master Degree,In Relationship,No,Suburban,Engineering,Junior,Enterprise (5000+),Manufacturing,Average,Moderate (25-50 Mbps),47,Moderate,Few times per week,40,50,34.4,46,10,15,63.7,4,7,12-03-24,High,35
EMP1164,22,1,2,Male,Master Degree,Married,Yes,Suburban,Sales,Junior,Medium (201-1000),Technology,Good,Moderate (25-50 Mbps),44,Very High,Weekly,96.9,85.9,95,95,6,19,100,9,4,25-04-24,High,98
EMP1165,44,9,2,Female,Master Degree,Married,No,Urban,HR,Lead,Startup (1-50),Technology,Good,Moderate (25-50 Mbps),39,High,Few times per week,96.6,92.2,73.5,95,8,20,100,3,1,17-01-24,Medium,98
EMP1166,56,16,3,Male,Bachelor Degree,Married,No,Suburban,Customer Success,Manager,Enterprise (5000+),Technology,Excellent,Fast (50-100 Mbps),45,High,Few times per week,86.9,93.6,80.7,95,11,33,100,6,1,26-01-24,Medium,95.7
EMP1167,47,0,5,Female,Bachelor Degree,Single,No,Suburban,Marketing,Mid-Level,Startup (1-50),Education,Good,Fast (50-100 Mbps),39,Moderate,Few times per week,88.1,81.8,50.6,88,11,0,79.2,3,6,21-02-24,Medium,71
EMP1168,40,11,4,Male,Master Degree,Married,Yes,Urban,Operations,Manager,Large (1001-5000),Technology,Poor,Fast (50-100 Mbps),43,Moderate,Few times per week,100,97.6,88.3,95,12,27,100,8,8,12-02-24,Medium,98
EMP1169,40,8,2,Female,Bachelor Degree,Married,No,Urban,Customer Success,Senior,Startup (1-50),Finance,Excellent,Very Fast (100+ Mbps),40,Very High,Few times per week,84.9,100,62.6,95,9,15,100,3,7,06-03-24,Medium,98
EMP1170,42,9,2,Male,Master Degree,Married,No,Urban,Customer Success,Mid-Level,Medium (201-1000),Technology,Average,Very Fast (100+ Mbps),45,Moderate,Few times per week,100,100,77.5,95,6,26,100,4,2,12-04-24,High,95
EMP1171,41,0,3,Female,Master Degree,Married,Yes,Suburban,Finance,Junior,Medium (201-1000),Finance,Good,Very Fast (100+ Mbps),50,Very High,Monthly,89.7,86.2,64.6,95,7,0,100,8,7,15-02-24,High,86.1
EMP1172,37,13,5,Male,Professional Degree,Single,Yes,Suburban,Customer Success,Senior,Small (51-200),Government,Average,Very Fast (100+ Mbps),39,Moderate,Bi-weekly,70.1,82.1,72.6,89.8,10,0,79.9,7,4,23-02-24,Medium,75.7
EMP1173,35,3,1,Male,Bachelor Degree,Married,Yes,Suburban,Operations,Mid-Level,Medium (201-1000),Non-profit,Average,Fast (50-100 Mbps),47,Moderate,Daily,59.4,66.7,37.7,84.7,11,38,73.6,5,10,08-04-24,High,60.3
EMP1174,34,0,2,Female,Bachelor Degree,Married,No,Urban,Engineering,Junior,Medium (201-1000),Retail,Excellent,Slow (<25 Mbps),40,Moderate,Daily,88.7,100,76.5,95,8,29,100,8,6,29-03-24,High,98
EMP1175,28,4,4,Female,Bachelor Degree,Married,No,Suburban,Engineering,Mid-Level,Large (1001-5000),Education,Good,Moderate (25-50 Mbps),40,High,Weekly,61.6,87.8,86.9,95,5,11,100,6,6,02-03-24,High,86.6
EMP1176,32,2,5,Male,PhD,Married,No,Suburban,Data Science,Junior,Large (1001-5000),Retail,Average,Very Fast (100+ Mbps),39,Very High,Daily,80.4,73.6,72.6,95,8,0,100,4,6,15-03-24,Medium,79
EMP1177,22,0,1,Male,Bachelor Degree,Single,No,Urban,Engineering,Junior,Medium (201-1000),Manufacturing,Good,Very Fast (100+ Mbps),31,High,Daily,80.2,90.9,95,95,11,76,100,7,6,25-03-24,High,86.1
EMP1178,34,5,2,Male,Bachelor Degree,Single,No,Suburban,Sales,Mid-Level,Medium (201-1000),Retail,Average,Fast (50-100 Mbps),45,Very High,Daily,100,100,65.7,95,8,29,100,5,10,22-03-24,High,95.7
EMP1179,26,0,2,Male,Bachelor Degree,Married,Yes,Suburban,Design,Junior,Medium (201-1000),Technology,Average,Very Fast (100+ Mbps),43,Low,Few times per week,72,67.3,46.9,81.6,8,43,93.1,8,5,28-02-24,High,61.4
EMP1180,25,2,0,Male,Bachelor Degree,Married,Yes,Urban,Engineering,Junior,Large (1001-5000),Finance,Good,Moderate (25-50 Mbps),42,Very High,Few times per week,100,100,77.6,95,10,28,100,7,7,09-03-24,High,98
EMP1181,36,1,4,Male,Bachelor Degree,Married,Yes,Urban,Customer Success,Junior,Small (51-200),Finance,Average,Fast (50-100 Mbps),51,High,Few times per week,79.8,76.9,70.2,84.1,8,7,100,5,8,19-04-24,High,75.1
EMP1182,47,19,4,Female,Bachelor Degree,Divorced,No,Suburban,Customer Success,Manager,Medium (201-1000),Finance,Good,Fast (50-100 Mbps),51,High,Monthly,79.6,80.9,82,95,5,27,100,3,4,25-03-24,Medium,79.9
EMP1183,43,12,4,Female,Master Degree,Single,No,Suburban,Data Science,Lead,Medium (201-1000),Finance,Good,Very Fast (100+ Mbps),49,Moderate,Few times per week,99.3,93.4,89.9,95,6,17,99,8,8,26-02-24,High,86.3
EMP1184,22,0,0,Male,High School,Single,No,Rural,Sales,Junior,Enterprise (5000+),Manufacturing,Excellent,Very Fast (100+ Mbps),40,Moderate,Daily,61.2,77.9,61.7,92.7,13,48,81.6,5,7,29-02-24,High,72.7
EMP1185,26,1,0,Non-binary,Master Degree,Married,Yes,Suburban,Sales,Junior,Medium (201-1000),Retail,Good,Very Fast (100+ Mbps),40,High,Few times per week,78.9,85.8,76.5,92.8,8,28,100,5,5,13-04-24,High,84.2
EMP1186,43,5,2,Female,Master Degree,Married,No,Urban,Product,Mid-Level,Small (51-200),Technology,Average,Fast (50-100 Mbps),35,Very High,Daily,90.6,90.6,81.2,95,6,29,100,1,7,13-03-24,High,98
EMP1187,26,1,2,Male,Master Degree,Married,No,Urban,Engineering,Mid-Level,Medium (201-1000),Technology,Good,Slow (<25 Mbps),42,Moderate,Bi-weekly,58.4,73.5,65,72,7,55,79.3,7,7,18-02-24,High,66.2
EMP1188,32,3,4,Male,Master Degree,Divorced,No,Suburban,Marketing,Junior,Large (1001-5000),Education,Average,Very Fast (100+ Mbps),42,Very High,Daily,69.2,79.1,76.3,95,5,27,100,5,8,23-02-24,High,74.4
EMP1189,39,9,1,Female,Bachelor Degree,Divorced,No,Urban,Finance,Senior,Large (1001-5000),Technology,Average,Very Fast (100+ Mbps),45,Moderate,Monthly,43.7,70.6,51.3,66.1,13,38,100,5,4,16-02-24,Medium,50.9
EMP1190,26,2,0,Male,Bachelor Degree,Single,Yes,Suburban,Engineering,Mid-Level,Large (1001-5000),Technology,Good,Fast (50-100 Mbps),35,Moderate,Few times per week,100,83.6,88.6,95,7,39,100,8,10,13-02-24,Medium,93.2
EMP1191,35,1,3,Male,Master Degree,In Relationship,No,Urban,Design,Junior,Large (1001-5000),Consulting,Good,Very Fast (100+ Mbps),39,High,Weekly,66.3,82.5,74.6,95,9,38,100,3,8,30-01-24,High,79.8
EMP1192,22,1,3,Female,Bachelor Degree,Single,No,Urban,Finance,Junior,Small (51-200),Healthcare,Poor,Moderate (25-50 Mbps),31,High,Few times per week,83.3,80.6,63.6,95,10,62,100,2,7,16-04-24,Medium,84.2
EMP1193,29,5,3,Female,Bachelor Degree,Married,No,Urban,Engineering,Senior,Medium (201-1000),Consulting,Poor,Very Fast (100+ Mbps),37,Very High,Bi-weekly,54.8,67.3,66.4,88.3,4,18,100,6,8,08-02-24,High,59.2
EMP1194,37,6,4,Male,High School,Married,Yes,Urban,Engineering,Senior,Large (1001-5000),Consulting,Good,Slow (<25 Mbps),47,Moderate,Few times per week,98.4,86.3,83.8,95,3,23,100,7,8,24-02-24,High,98
EMP1195,22,1,1,Female,Master Degree,Married,Yes,Suburban,Engineering,Junior,Small (51-200),Media,Average,Moderate (25-50 Mbps),35,Moderate,Few times per week,62.7,84.9,63.5,95,11,21,89.1,6,6,30-01-24,Medium,70.4
EMP1196,38,2,4,Female,Bachelor Degree,Single,Yes,Urban,Engineering,Junior,Medium (201-1000),Technology,Good,Moderate (25-50 Mbps),52,High,Weekly,100,99.8,89.2,95,10,20,100,5,6,19-04-24,High,98
EMP1197,34,8,2,Female,Bachelor Degree,Married,No,Rural,HR,Lead,Large (1001-5000),Technology,Excellent,Very Fast (100+ Mbps),48,High,Weekly,89.6,89.7,89,95,10,42,100,5,10,23-03-24,High,98
EMP1198,39,8,2,Female,Associate Degree,Married,No,Suburban,Engineering,Lead,Large (1001-5000),Technology,Average,Very Fast (100+ Mbps),45,Moderate,Bi-weekly,84.6,79.3,66.4,84.2,14,44,87.1,3,9,15-05-24,High,73.5
EMP1199,37,9,5,Male,Professional Degree,Single,Yes,Suburban,Sales,Lead,Enterprise (5000+),Technology,Good,Moderate (25-50 Mbps),50,High,Daily,100,93.6,91.2,95,6,0,100,5,10,21-04-24,Low,98
EMP1200,47,6,2,Female,Bachelor Degree,Single,No,Suburban,Product,Senior,Enterprise (5000+),Healthcare,Excellent,Moderate (25-50 Mbps),41,Very High,Daily,100,94,76.8,95,9,57,100,7,2,12-04-24,Medium,98
EMP1201,36,6,4,Male,Master Degree,Married,No,Suburban,Operations,Lead,Small (51-200),Manufacturing,Average,Fast (50-100 Mbps),37,Moderate,Daily,70.3,90.4,58.4,93.9,5,19,93.8,6,8,07-02-24,Low,73.8
EMP1202,31,4,2,Male,Bachelor Degree,Married,Yes,Urban,Engineering,Senior,Enterprise (5000+),Government,Average,Very Fast (100+ Mbps),41,Moderate,Few times per week,52.2,52.4,55.9,73.3,5,42,81.9,8,9,08-02-24,High,58.3
EMP1203,36,3,3,Male,Master Degree,Married,No,Rural,Design,Senior,Startup (1-50),Media,Poor,Very Fast (100+ Mbps),31,High,Weekly,83.4,82.7,56.5,95,7,11,100,4,6,11-02-24,High,74.3
EMP1204,39,2,4,Male,Bachelor Degree,Single,No,Suburban,Engineering,Junior,Large (1001-5000),Healthcare,Good,Slow (<25 Mbps),49,Very High,Daily,70.2,85.8,78.3,94.4,7,13,100,5,9,18-04-24,Medium,82.5
EMP1205,35,0,5,Male,Master Degree,Divorced,Yes,Urban,Product,Junior,Small (51-200),Education,Good,Very Fast (100+ Mbps),39,Moderate,Few times per week,68.9,71.2,64.9,85.9,9,0,93.2,7,3,16-03-24,Medium,66.1
EMP1206,35,4,4,Male,Bachelor Degree,Single,Yes,Suburban,Finance,Senior,Small (51-200),Technology,Excellent,Very Fast (100+ Mbps),37,High,Weekly,91.9,86.7,84.1,95,11,38,100,5,3,19-02-24,Medium,98
EMP1207,28,3,3,Male,Bachelor Degree,Divorced,No,Suburban,HR,Junior,Enterprise (5000+),Finance,Average,Very Fast (100+ Mbps),38,Moderate,Weekly,61.3,63.8,61.9,80.3,2,20,85.2,4,5,16-04-24,High,61.5
EMP1208,29,0,2,Female,Master Degree,Married,Yes,Urban,HR,Junior,Small (51-200),Consulting,Poor,Fast (50-100 Mbps),42,Moderate,Few times per week,94.7,95.9,65.3,95,10,21,100,3,2,30-03-24,High,98
EMP1209,22,1,4,Male,Master Degree,Married,No,Rural,Marketing,Junior,Large (1001-5000),Technology,Average,Very Fast (100+ Mbps),42,High,Daily,86,92.6,85.1,95,9,1,100,8,7,21-04-24,Low,90.5
EMP1210,50,12,4,Female,Master Degree,Divorced,No,Urban,Customer Success,Manager,Small (51-200),Healthcare,Average,Fast (50-100 Mbps),41,Moderate,Monthly,88.1,88.8,83.2,95,6,39,100,4,9,22-03-24,High,85.9
EMP1211,23,0,0,Male,Master Degree,Married,Yes,Suburban,Customer Success,Junior,Startup (1-50),Consulting,Excellent,Very Fast (100+ Mbps),41,High,Daily,66.3,87.9,66.6,94.2,7,0,100,9,5,31-03-24,High,77.8
EMP1212,28,1,3,Male,Bachelor Degree,Single,Yes,Rural,Sales,Junior,Small (51-200),Technology,Good,Very Fast (100+ Mbps),45,Moderate,Weekly,82.8,99.3,64.3,91,11,1,99.4,5,7,20-02-24,Medium,87.1
EMP1213,28,2,4,Male,Master Degree,Married,No,Urban,Sales,Junior,Medium (201-1000),Non-profit,Good,Fast (50-100 Mbps),35,Moderate,Daily,66.3,60.4,43,77,12,33,50,10,6,27-01-24,High,59.1
EMP1214,43,3,3,Male,Associate Degree,Single,No,Urban,Product,Mid-Level,Small (51-200),Technology,Average,Very Fast (100+ Mbps),43,Moderate,Daily,78.9,74.6,56.5,79.2,19,21,78.6,2,5,30-04-24,High,63.9
EMP1215,32,1,2,Female,Master Degree,Married,No,Urban,Marketing,Junior,Small (51-200),Media,Excellent,Very Fast (100+ Mbps),40,Moderate,Bi-weekly,91.9,93.8,86.8,95,4,42,100,6,9,08-02-24,High,92.1
EMP1216,46,6,5,Male,Bachelor Degree,Single,Yes,Urban,Product,Senior,Large (1001-5000),Finance,Good,Fast (50-100 Mbps),30,High,Weekly,100,96.7,86.7,95,11,0,100,7,10,21-02-24,High,98
EMP1217,28,1,1,Non-binary,Bachelor Degree,Divorced,No,Urban,Operations,Mid-Level,Startup (1-50),Technology,Excellent,Very Fast (100+ Mbps),35,Very High,Few times per week,54.8,62.9,83.1,95,12,29,100,6,4,13-02-24,High,76.9
EMP1218,37,6,2,Non-binary,Bachelor Degree,Married,Yes,Suburban,Operations,Mid-Level,Medium (201-1000),Technology,Average,Very Fast (100+ Mbps),37,Very High,Few times per week,96.5,95.3,66.3,95,7,52,100,6,8,01-03-24,High,95.8
EMP1219,27,0,4,Male,Bachelor Degree,Single,No,Suburban,Engineering,Junior,Enterprise (5000+),Retail,Average,Moderate (25-50 Mbps),52,Low,Few times per week,83.1,70.8,63.8,85.9,10,43,100,6,4,06-02-24,High,71.4
EMP1220,54,10,2,Female,Bachelor Degree,Divorced,No,Suburban,Engineering,Senior,Medium (201-1000),Consulting,Good,Moderate (25-50 Mbps),44,Low,Daily,84.5,83.8,82.4,95,7,61,86.3,3,6,22-02-24,High,79.3
EMP1221,24,0,4,Male,Bachelor Degree,Married,Yes,Urban,Marketing,Junior,Medium (201-1000),Education,Average,Very Fast (100+ Mbps),43,Very High,Weekly,78.1,87.1,78.6,95,5,21,100,6,6,16-01-24,Medium,87.5
EMP1222,37,4,1,Female,Associate Degree,Married,No,Suburban,Operations,Mid-Level,Large (1001-5000),Media,Good,Very Fast (100+ Mbps),39,High,Weekly,95.3,89.5,79.4,95,10,12,100,6,5,14-04-24,High,86.2
EMP1223,40,15,2,Female,Bachelor Degree,Married,Yes,Suburban,Operations,Senior,Large (1001-5000),Consulting,Excellent,Very Fast (100+ Mbps),38,Very High,Bi-weekly,93.9,100,92,95,8,34,100,5,7,23-03-24,High,98
EMP1224,38,1,1,Male,Associate Degree,Married,No,Urban,Finance,Junior,Large (1001-5000),Technology,Good,Moderate (25-50 Mbps),34,Low,Few times per week,58.3,57.2,44.5,78.4,8,18,78.3,6,8,31-01-24,High,57.7
EMP1225,33,7,5,Male,Bachelor Degree,Married,Yes,Suburban,Finance,Senior,Enterprise (5000+),Education,Poor,Fast (50-100 Mbps),40,High,Weekly,72.6,72.7,73.8,95,17,0,100,5,8,19-02-24,High,76.8
EMP1226,33,3,3,Male,Associate Degree,Married,No,Urban,Customer Success,Mid-Level,Startup (1-50),Finance,Good,Very Fast (100+ Mbps),50,Moderate,Few times per week,95.3,96.1,94.7,95,8,16,75.5,7,8,20-01-24,High,98
EMP1227,35,5,2,Male,Bachelor Degree,Single,Yes,Rural,Sales,Senior,Enterprise (5000+),Healthcare,Excellent,Moderate (25-50 Mbps),34,Very High,Daily,100,98.6,81.8,95,8,72,100,2,3,21-01-24,High,98
EMP1228,33,1,0,Female,Master Degree,In Relationship,No,Suburban,Operations,Junior,Enterprise (5000+),Technology,Good,Fast (50-100 Mbps),38,High,Few times per week,58.6,63.5,51.1,84.2,5,51,98.8,1,3,25-03-24,High,62.6
EMP1229,43,8,1,Male,Master Degree,Married,No,Suburban,Engineering,Senior,Large (1001-5000),Technology,Good,Very Fast (100+ Mbps),47,High,Bi-weekly,84.7,97.7,64.6,95,9,29,100,6,6,21-02-24,High,88.2
EMP1230,54,8,3,Male,Associate Degree,Single,No,Suburban,Marketing,Senior,Medium (201-1000),Education,Good,Very Fast (100+ Mbps),47,High,Daily,93.4,95.5,92.1,95,9,23,100,10,7,13-04-24,Medium,98
EMP1231,29,2,0,Female,Master Degree,Married,No,Suburban,Engineering,Junior,Large (1001-5000),Technology,Good,Very Fast (100+ Mbps),37,High,Daily,77.9,71.6,74.5,95,9,25,100,5,8,14-05-24,High,79.6
EMP1232,22,0,3,Female,Master Degree,Married,No,Urban,Sales,Junior,Small (51-200),Education,Poor,Slow (<25 Mbps),48,High,Few times per week,51.6,57,30.8,58.6,6,27,100,1,6,31-01-24,High,47.2
EMP1233,34,6,3,Male,Bachelor Degree,Single,Yes,Suburban,Sales,Senior,Large (1001-5000),Media,Average,Fast (50-100 Mbps),39,Very High,Daily,100,100,95,95,10,18,100,5,2,05-04-24,High,98
EMP1234,58,4,4,Female,Master Degree,Single,Yes,Suburban,Engineering,Mid-Level,Small (51-200),Technology,Excellent,Very Fast (100+ Mbps),35,High,Bi-weekly,93,96,69,95,10,41,100,6,2,05-05-24,High,98
EMP1235,27,3,4,Female,Bachelor Degree,Single,No,Urban,Marketing,Mid-Level,Large (1001-5000),Manufacturing,Average,Fast (50-100 Mbps),50,Low,Daily,60.8,51.1,33.3,62.6,6,24,83.5,8,8,20-04-24,Medium,49.2
EMP1236,49,10,3,Female,Bachelor Degree,Divorced,Yes,Rural,Data Science,Lead,Medium (201-1000),Education,Average,Fast (50-100 Mbps),42,Moderate,Weekly,65.3,77.3,63.6,95,11,11,100,3,4,17-03-24,High,73.7
EMP1237,50,6,2,Female,Bachelor Degree,Married,Yes,Suburban,Sales,Lead,Startup (1-50),Technology,Average,Very Fast (100+ Mbps),40,Moderate,Few times per week,96.7,77.6,81.6,95,8,63,78.1,9,9,28-01-24,High,82.5
EMP1238,30,3,4,Female,Associate Degree,Married,Yes,Urban,HR,Junior,Large (1001-5000),Manufacturing,Good,Very Fast (100+ Mbps),43,High,Daily,100,100,73.9,95,5,32,100,9,6,05-05-24,High,98
EMP1239,40,8,4,Male,Master Degree,Single,No,Suburban,Marketing,Senior,Medium (201-1000),Technology,Good,Fast (50-100 Mbps),36,Moderate,Weekly,80.9,100,95,95,7,30,100,6,7,16-01-24,High,98
EMP1240,49,15,1,Female,Bachelor Degree,Married,Yes,Suburban,Sales,Senior,Large (1001-5000),Technology,Average,Very Fast (100+ Mbps),38,High,Few times per week,94.3,97,95,95,6,0,100,4,4,28-03-24,High,94
EMP1241,31,4,5,Female,Bachelor Degree,Married,Yes,Suburban,Engineering,Mid-Level,Small (51-200),Technology,Average,Very Fast (100+ Mbps),50,Very High,Daily,91.8,100,95,95,8,0,100,6,6,20-02-24,High,93.6
EMP1242,33,5,0,Female,Bachelor Degree,Married,Yes,Suburban,Engineering,Mid-Level,Large (1001-5000),Healthcare,Good,Very Fast (100+ Mbps),53,High,Daily,100,100,85.9,95,10,34,100,8,9,15-03-24,High,98
EMP1243,29,0,0,Male,Master Degree,In Relationship,No,Suburban,HR,Mid-Level,Medium (201-1000),Healthcare,Excellent,Very Fast (100+ Mbps),35,Very High,Few times per week,93.3,100,88.8,95,8,20,100,5,10,16-03-24,High,98
EMP1244,25,1,1,Male,Master Degree,Married,No,Suburban,Engineering,Mid-Level,Medium (201-1000),Finance,Average,Fast (50-100 Mbps),39,Very High,Daily,82.1,87.3,68.3,95,7,0,100,8,8,11-03-24,Medium,83
EMP1245,29,2,5,Non-binary,Master Degree,Married,No,Urban,Engineering,Junior,Medium (201-1000),Technology,Excellent,Very Fast (100+ Mbps),42,Very High,Few times per week,79.9,85.1,65.2,95,6,0,100,3,8,27-02-24,High,87.6
EMP1246,23,0,3,Male,Bachelor Degree,Married,No,Urban,Sales,Junior,Large (1001-5000),Consulting,Excellent,Fast (50-100 Mbps),43,High,Few times per week,98.4,98.8,75,95,4,23,100,5,9,07-02-24,High,98
EMP1247,35,3,4,Male,Bachelor Degree,Divorced,Yes,Urban,Operations,Mid-Level,Large (1001-5000),Consulting,Good,Very Fast (100+ Mbps),36,High,Few times per week,64.2,73.3,53.2,80.8,7,22,100,10,5,21-01-24,High,62.6
EMP1248,28,3,2,Male,Bachelor Degree,Single,Yes,Urban,Finance,Mid-Level,Small (51-200),Healthcare,Good,Fast (50-100 Mbps),45,Moderate,Daily,96,91.6,93.3,95,7,60,100,6,8,16-02-24,High,93.6
EMP1249,37,7,3,Non-binary,Associate Degree,Married,Yes,Urban,Sales,Senior,Medium (201-1000),Technology,Good,Very Fast (100+ Mbps),46,Moderate,Few times per week,79.3,83.6,73.8,95,8,16,66.2,6,7,14-05-24,High,82.8
EMP1250,22,0,2,Male,Bachelor Degree,Married,No,Suburban,Marketing,Junior,Medium (201-1000),Technology,Good,Fast (50-100 Mbps),47,Low,Daily,87.1,70.8,72.7,95,5,18,70.9,4,5,04-05-24,High,77.9
EMP1251,37,4,4,Male,Bachelor Degree,Single,No,Suburban,Marketing,Senior,Enterprise (5000+),Consulting,Excellent,Fast (50-100 Mbps),46,Very High,Few times per week,66.6,62.2,72.3,84.5,9,14,100,8,3,16-03-24,High,63.3
EMP1252,42,13,0,Female,Bachelor Degree,Married,Yes,Urban,Engineering,Manager,Large (1001-5000),Technology,Excellent,Fast (50-100 Mbps),42,High,Few times per week,90.5,84.3,81.8,95,4,39,100,5,5,29-01-24,High,86.3
EMP1253,22,0,2,Male,PhD,Married,No,Urban,Sales,Junior,Medium (201-1000),Technology,Excellent,Fast (50-100 Mbps),47,Low,Daily,65.6,61.4,49.1,83.1,3,58,59.7,7,7,29-04-24,High,60.3
EMP1254,38,6,1,Female,Master Degree,Single,No,Urban,Operations,Lead,Small (51-200),Healthcare,Good,Very Fast (100+ Mbps),45,High,Daily,81.4,97.6,86.3,95,7,34,100,8,7,23-01-24,High,98
EMP1255,46,14,5,Female,Bachelor Degree,Married,No,Urban,Operations,Manager,Medium (201-1000),Retail,Excellent,Slow (<25 Mbps),33,Moderate,Daily,66.2,81.3,76.2,93.9,3,0,88.8,4,3,06-03-24,High,75
EMP1256,24,1,3,Male,Bachelor Degree,Married,No,Urban,HR,Junior,Large (1001-5000),Healthcare,Good,Moderate (25-50 Mbps),33,High,Few times per week,98,100,95,95,7,16,100,6,7,17-03-24,Medium,98
EMP1257,50,24,3,Female,Associate Degree,Married,No,Suburban,Finance,Lead,Startup (1-50),Technology,Good,Fast (50-100 Mbps),43,High,Few times per week,98.7,97,95,95,11,22,100,5,6,24-01-24,High,98
EMP1258,38,13,3,Female,Master Degree,Single,No,Urban,Engineering,Manager,Large (1001-5000),Retail,Excellent,Moderate (25-50 Mbps),49,Very High,Few times per week,90.3,96.9,74.3,95,5,34,100,4,1,28-03-24,High,98
EMP1259,28,2,5,Male,Master Degree,In Relationship,No,Suburban,Engineering,Mid-Level,Small (51-200),Education,Excellent,Very Fast (100+ Mbps),44,Low,Monthly,41.2,61.7,39.8,64,10,0,69,3,9,04-04-24,High,48.4
EMP1260,34,10,5,Male,Professional Degree,Single,No,Suburban,Marketing,Mid-Level,Small (51-200),Retail,Average,Very Fast (100+ Mbps),45,Very High,Few times per week,71.5,93.5,80.4,95,5,0,100,2,5,11-04-24,High,83.4
EMP1261,40,5,4,Female,Bachelor Degree,Married,No,Urban,HR,Mid-Level,Startup (1-50),Technology,Good,Fast (50-100 Mbps),35,High,Weekly,88.5,98.3,73,95,11,42,100,7,7,21-01-24,High,84.8
EMP1262,35,0,2,Male,Master Degree,Single,No,Urban,Engineering,Junior,Large (1001-5000),Manufacturing,Average,Moderate (25-50 Mbps),42,Moderate,Daily,68.1,69.1,58.8,86.6,8,58,83.6,7,7,03-02-24,High,69.4
EMP1263,39,3,1,Female,Bachelor Degree,Married,No,Urban,Design,Senior,Enterprise (5000+),Healthcare,Good,Very Fast (100+ Mbps),48,Moderate,Daily,89.1,92.8,81.9,95,7,32,70,6,6,03-02-24,Medium,95.7
EMP1264,26,0,5,Female,Master Degree,Single,Yes,Urban,Marketing,Mid-Level,Startup (1-50),Healthcare,Average,Fast (50-100 Mbps),44,Low,Daily,68.6,73.1,60.2,87.5,4,0,95.2,6,5,27-04-24,High,67
EMP1265,36,9,3,Male,Master Degree,Single,No,Urban,Sales,Senior,Medium (201-1000),Healthcare,Good,Moderate (25-50 Mbps),42,Very High,Few times per week,98.6,99.6,59.1,95,6,31,100,4,6,27-03-24,High,98
EMP1266,22,1,2,Female,Master Degree,Single,Yes,Suburban,Finance,Junior,Small (51-200),Technology,Good,Moderate (25-50 Mbps),45,Moderate,Daily,87,100,86.8,95,3,51,93.9,7,5,15-05-24,High,98
EMP1267,33,2,3,Male,Bachelor Degree,Married,No,Urban,Engineering,Mid-Level,Large (1001-5000),Technology,Good,Very Fast (100+ Mbps),43,High,Few times per week,73,95.1,95,95,8,23,100,6,6,22-02-24,Low,96
EMP1268,26,3,5,Female,Master Degree,Married,No,Rural,Marketing,Mid-Level,Large (1001-5000),Technology,Average,Very Fast (100+ Mbps),49,Very High,Weekly,95.8,76.9,50.7,87.5,7,0,100,8,3,25-01-24,Medium,76.3
EMP1269,28,3,3,Male,Bachelor Degree,Single,No,Urban,Marketing,Senior,Small (51-200),Finance,Good,Very Fast (100+ Mbps),43,Moderate,Daily,60.3,69.6,69.1,82.1,5,35,82.4,7,4,15-02-24,High,67.9
EMP1270,46,7,3,Female,Associate Degree,In Relationship,No,Suburban,Engineering,Senior,Startup (1-50),Healthcare,Average,Fast (50-100 Mbps),41,High,Few times per week,100,93.8,95,95,5,36,100,1,4,30-01-24,High,95.5
EMP1271,44,18,4,Female,High School,Single,No,Suburban,Customer Success,Manager,Large (1001-5000),Retail,Good,Moderate (25-50 Mbps),35,Moderate,Daily,69.4,77.3,41,92.6,10,32,74.1,8,7,26-03-24,High,77.9
EMP1272,40,1,3,Female,Bachelor Degree,Married,Yes,Urban,Customer Success,Junior,Large (1001-5000),Technology,Average,Fast (50-100 Mbps),49,Low,Few times per week,79.4,78.5,65.4,92.4,8,37,100,2,7,21-04-24,High,80.3
EMP1273,25,0,2,Female,Bachelor Degree,Single,No,Urban,Engineering,Junior,Startup (1-50),Media,Average,Moderate (25-50 Mbps),36,High,Weekly,92.6,87.8,72.9,95,15,76,100,8,9,08-03-24,High,86.1
EMP1274,32,3,5,Female,Associate Degree,Married,No,Suburban,Sales,Senior,Medium (201-1000),Technology,Poor,Fast (50-100 Mbps),43,Moderate,Weekly,70.4,72,72.2,89.2,3,0,93.1,10,5,01-04-24,High,73.9
EMP1275,45,7,5,Male,Bachelor Degree,Married,Yes,Suburban,Engineering,Lead,Large (1001-5000),Finance,Average,Fast (50-100 Mbps),46,Moderate,Daily,88.3,85.7,75.5,90.3,7,0,100,6,6,31-03-24,High,81
EMP1276,36,2,4,Female,Bachelor Degree,Married,No,Urban,Customer Success,Mid-Level,Medium (201-1000),Technology,Good,Very Fast (100+ Mbps),52,Moderate,Daily,56.4,72.2,62.8,94.2,8,12,81,4,7,25-04-24,High,60
EMP1277,55,9,4,Female,Bachelor Degree,Married,Yes,Urban,Sales,Mid-Level,Medium (201-1000),Education,Good,Very Fast (100+ Mbps),43,Low,Few times per week,83.5,95.6,65,95,12,44,100,1,10,03-04-24,High,84.1
EMP1278,38,0,2,Female,Bachelor Degree,Single,No,Urban,Marketing,Junior,Medium (201-1000),Retail,Good,Very Fast (100+ Mbps),50,High,Daily,86.4,88.3,89.1,95,6,38,100,4,6,12-02-24,High,98
EMP1279,36,6,5,Female,Associate Degree,Married,Yes,Urban,Sales,Senior,Medium (201-1000),Media,Excellent,Very Fast (100+ Mbps),42,Moderate,Monthly,65.6,72.4,68.8,90.4,8,0,82.6,6,5,23-04-24,Low,66.9
EMP1280,32,2,2,Male,Bachelor Degree,Single,No,Rural,Sales,Mid-Level,Medium (201-1000),Finance,Excellent,Very Fast (100+ Mbps),38,High,Daily,99.1,100,95,95,10,33,100,8,6,21-03-24,High,98
EMP1281,36,2,4,Male,Bachelor Degree,Married,Yes,Suburban,HR,Junior,Enterprise (5000+),Technology,Good,Very Fast (100+ Mbps),58,Moderate,Bi-weekly,100,89.4,82.2,95,6,16,100,8,5,03-03-24,High,98
EMP1282,33,0,5,Male,Master Degree,Single,No,Urban,HR,Mid-Level,Small (51-200),Retail,Average,Very Fast (100+ Mbps),34,High,Bi-weekly,85.4,82.5,67.9,95,7,0,100,7,3,12-03-24,High,78.2
EMP1283,41,11,4,Female,Bachelor Degree,Single,Yes,Urban,Marketing,Manager,Medium (201-1000),Retail,Excellent,Fast (50-100 Mbps),59,Low,Few times per week,100,80.8,84.2,95,12,29,100,3,6,10-05-24,High,98
EMP1284,43,2,4,Male,Master Degree,Single,Yes,Urban,Finance,Junior,Small (51-200),Government,Good,Very Fast (100+ Mbps),51,Low,Daily,93.2,82.9,58.4,95,10,17,64.7,10,7,11-03-24,Medium,83.3
EMP1285,27,1,4,Female,Bachelor Degree,Divorced,No,Suburban,Marketing,Mid-Level,Small (51-200),Technology,Good,Fast (50-100 Mbps),38,Moderate,Weekly,41,60.9,53.5,70,13,22,86.7,7,4,22-02-24,Medium,56.5
EMP1286,23,0,1,Male,PhD,Married,Yes,Rural,Engineering,Mid-Level,Large (1001-5000),Retail,Average,Fast (50-100 Mbps),45,Moderate,Daily,98.6,88.8,78.3,91.7,9,5,100,5,8,04-05-24,High,84.3
EMP1287,22,0,4,Male,Bachelor Degree,Married,No,Urban,Engineering,Mid-Level,Enterprise (5000+),Technology,Excellent,Fast (50-100 Mbps),33,Moderate,Few times per week,73.5,86.6,62.3,95,7,26,73.3,8,8,30-03-24,Medium,85.8
EMP1288,39,12,1,Male,Bachelor Degree,Single,Yes,Suburban,Sales,Lead,Small (51-200),Healthcare,Good,Fast (50-100 Mbps),45,High,Daily,64.1,87.7,91.5,95,4,16,100,6,7,09-03-24,Medium,83.7
EMP1289,25,0,3,Male,Associate Degree,Married,Yes,Rural,HR,Mid-Level,Enterprise (5000+),Technology,Poor,Fast (50-100 Mbps),43,Very High,Few times per week,76.3,68.7,48.9,87.3,6,22,100,6,8,23-02-24,Medium,67
EMP1290,22,0,1,Female,Bachelor Degree,Married,No,Urban,Product,Junior,Small (51-200),Education,Good,Moderate (25-50 Mbps),47,High,Daily,60.1,69.6,60.7,75.5,12,35,100,9,5,27-03-24,High,58.8
EMP1291,38,2,3,Male,Master Degree,Married,No,Urban,Engineering,Junior,Medium (201-1000),Education,Average,Very Fast (100+ Mbps),39,Moderate,Daily,97.5,97.9,89.9,95,8,11,100,8,5,03-04-24,High,94
EMP1292,57,9,4,Male,Associate Degree,Single,No,Urban,Sales,Senior,Small (51-200),Technology,Average,Very Fast (100+ Mbps),42,High,Weekly,89.4,95.2,95,95,5,10,100,4,8,22-01-24,Medium,98
EMP1293,34,6,5,Male,Bachelor Degree,In Relationship,No,Urban,Engineering,Mid-Level,Medium (201-1000),Finance,Excellent,Very Fast (100+ Mbps),44,High,Monthly,83.8,90.5,81.1,95,10,0,100,4,8,02-04-24,Medium,98
EMP1294,42,1,2,Female,Master Degree,Married,Yes,Urban,Customer Success,Mid-Level,Medium (201-1000),Finance,Poor,Fast (50-100 Mbps),39,Very High,Daily,62.2,69.4,50,78.3,9,26,100,4,8,18-04-24,High,63
EMP1295,35,5,3,Female,Bachelor Degree,In Relationship,Yes,Rural,Customer Success,Mid-Level,Medium (201-1000),Technology,Average,Very Fast (100+ Mbps),50,High,Few times per week,100,91.6,71.3,95,11,14,100,6,5,27-01-24,Medium,91.1
EMP1296,34,7,3,Male,Associate Degree,Single,Yes,Suburban,Engineering,Senior,Medium (201-1000),Technology,Excellent,Fast (50-100 Mbps),42,High,Few times per week,100,100,65,95,13,26,100,5,6,15-05-24,High,98
EMP1297,43,7,5,Female,High School,Single,No,Urban,Finance,Senior,Medium (201-1000),Finance,Good,Very Fast (100+ Mbps),44,High,Daily,80.8,100,79.6,95,7,0,100,6,6,21-04-24,High,98
EMP1298,32,5,3,Male,Associate Degree,Single,No,Urban,HR,Senior,Medium (201-1000),Manufacturing,Good,Fast (50-100 Mbps),37,High,Few times per week,98,95.6,83.1,95,6,22,100,2,4,10-02-24,High,87
EMP1299,37,4,4,Male,PhD,Married,Yes,Suburban,Engineering,Senior,Medium (201-1000),Finance,Average,Fast (50-100 Mbps),32,Moderate,Weekly,94.7,83.5,85.5,95,11,38,100,4,8,04-04-24,Low,96.6
EMP1300,37,10,5,Female,Master Degree,Married,Yes,Urban,Marketing,Mid-Level,Large (1001-5000),Finance,Excellent,Very Fast (100+ Mbps),33,High,Daily,91.6,100,95,95,11,0,100,7,4,11-02-24,High,98
EMP1301,28,1,2,Male,Master Degree,Divorced,Yes,Urban,Operations,Mid-Level,Large (1001-5000),Government,Average,Fast (50-100 Mbps),45,Low,Weekly,69,74.8,61.2,78.4,8,36,100,7,5,17-02-24,Low,65.1
EMP1302,43,13,5,Female,PhD,Divorced,No,Urban,Engineering,Lead,Small (51-200),Technology,Good,Moderate (25-50 Mbps),37,Moderate,Weekly,87.9,96.7,95,95,4,0,100,5,2,08-04-24,Medium,88.9
EMP1303,33,5,5,Male,Bachelor Degree,Married,No,Suburban,Sales,Mid-Level,Small (51-200),Manufacturing,Average,Fast (50-100 Mbps),46,Very High,Daily,100,100,95,95,10,0,100,5,7,25-01-24,Medium,98
EMP1304,28,3,5,Female,Bachelor Degree,Married,Yes,Urban,Engineering,Senior,Large (1001-5000),Healthcare,Average,Very Fast (100+ Mbps),51,High,Few times per week,92.7,88.7,87.8,95,11,0,100,8,9,04-02-24,High,98
EMP1305,39,0,2,Male,Bachelor Degree,Married,No,Urban,Marketing,Mid-Level,Startup (1-50),Government,Good,Moderate (25-50 Mbps),46,Moderate,Few times per week,61.6,51.2,62,70.4,8,41,81.8,4,6,14-02-24,High,46.8
EMP1306,26,0,3,Female,Master Degree,Married,Yes,Suburban,Customer Success,Mid-Level,Large (1001-5000),Finance,Good,Very Fast (100+ Mbps),44,Very High,Weekly,61.4,63.4,56.2,85.9,5,23,100,5,9,06-02-24,Medium,58.7
EMP1307,35,4,5,Female,Master Degree,Married,No,Urban,Marketing,Mid-Level,Small (51-200),Retail,Average,Very Fast (100+ Mbps),45,Low,Few times per week,72.4,66.6,76.1,84.8,1,0,100,7,8,25-03-24,High,72
EMP1308,34,1,2,Male,Bachelor Degree,Married,No,Rural,Engineering,Junior,Medium (201-1000),Technology,Good,Very Fast (100+ Mbps),48,High,Daily,89.1,84.7,72.5,95,9,3,100,6,8,24-01-24,High,86.4
EMP1309,44,11,4,Female,Bachelor Degree,Divorced,Yes,Suburban,Engineering,Lead,Small (51-200),Media,Average,Moderate (25-50 Mbps),43,Moderate,Weekly,100,94.2,78.2,95,8,23,100,2,4,04-02-24,Low,98
EMP1310,39,9,1,Male,PhD,Married,No,Urban,Operations,Senior,Enterprise (5000+),Finance,Excellent,Very Fast (100+ Mbps),45,Very Low,Few times per week,82.6,91.1,74.5,91.6,9,0,85.9,1,6,15-01-24,Medium,81.2
EMP1311,34,4,0,Female,Associate Degree,In Relationship,No,Urban,Sales,Mid-Level,Enterprise (5000+),Healthcare,Average,Very Fast (100+ Mbps),38,Moderate,Weekly,100,96.7,71.2,95,7,25,100,1,7,07-03-24,High,98
EMP1312,42,5,3,Male,Master Degree,Single,Yes,Suburban,Operations,Mid-Level,Enterprise (5000+),Technology,Average,Moderate (25-50 Mbps),36,Low,Daily,76.2,84,49.5,95,8,33,100,7,6,12-03-24,High,75.6
EMP1313,47,3,3,Male,Bachelor Degree,Married,No,Urban,Engineering,Mid-Level,Small (51-200),Government,Good,Fast (50-100 Mbps),38,Low,Weekly,75.8,62,53,88.5,2,7,98.3,6,7,12-04-24,Medium,64
EMP1314,40,4,3,Female,Bachelor Degree,Single,No,Suburban,HR,Mid-Level,Large (1001-5000),Retail,Average,Fast (50-100 Mbps),40,Low,Few times per week,91.7,97.7,75.9,95,10,0,100,2,5,31-03-24,High,98
EMP1315,35,0,3,Male,Bachelor Degree,Single,No,Suburban,Product,Junior,Medium (201-1000),Technology,Good,Very Fast (100+ Mbps),39,Moderate,Weekly,66.1,58.6,57.8,91.1,8,13,100,3,6,15-03-24,Low,74.3
EMP1316,23,0,3,Female,Master Degree,Divorced,Yes,Suburban,Product,Junior,Large (1001-5000),Technology,Poor,Very Fast (100+ Mbps),48,High,Few times per week,93.1,94.1,75.8,95,2,27,100,7,8,21-02-24,High,98
EMP1317,25,0,4,Male,Bachelor Degree,Divorced,Yes,Rural,Sales,Junior,Small (51-200),Finance,Excellent,Slow (<25 Mbps),25,High,Few times per week,74.4,76.9,68.2,95,8,18,100,5,4,19-01-24,Medium,71.9
EMP1318,32,2,4,Male,Bachelor Degree,Married,No,Urban,Finance,Mid-Level,Large (1001-5000),Technology,Excellent,Fast (50-100 Mbps),40,High,Daily,76.8,83.8,74.6,95,11,5,100,10,8,13-02-24,Medium,74.6
EMP1319,29,0,3,Female,Master Degree,In Relationship,No,Urban,Engineering,Junior,Enterprise (5000+),Finance,Average,Moderate (25-50 Mbps),46,Very Low,Weekly,71.2,80.8,78.1,86.9,8,17,92.8,5,7,20-02-24,High,75.7
EMP1320,33,2,3,Female,Master Degree,Single,Yes,Suburban,HR,Junior,Small (51-200),Non-profit,Average,Slow (<25 Mbps),46,High,Few times per week,80.3,83.5,73.3,95,7,32,100,5,6,14-04-24,High,84.4
EMP1321,35,9,1,Male,Master Degree,Single,No,Suburban,Engineering,Senior,Small (51-200),Education,Good,Fast (50-100 Mbps),37,Very High,Monthly,100,98.6,89.9,95,8,28,100,5,6,20-02-24,High,98
EMP1322,39,0,3,Male,Bachelor Degree,Married,Yes,Suburban,HR,Junior,Startup (1-50),Media,Poor,Very Fast (100+ Mbps),52,Moderate,Few times per week,91.9,94.2,70.8,95,12,37,100,8,9,13-04-24,High,88.6
EMP1323,34,0,3,Male,Master Degree,Divorced,Yes,Suburban,Marketing,Junior,Small (51-200),Finance,Average,Very Fast (100+ Mbps),33,High,Weekly,96.7,90.9,69.1,95,5,16,100,6,7,04-05-24,High,98
EMP1324,39,5,3,Male,Bachelor Degree,Single,No,Urban,Customer Success,Senior,Medium (201-1000),Retail,Poor,Very Fast (100+ Mbps),39,Moderate,Few times per week,58.9,69.5,50.8,95,8,2,88.3,8,7,13-03-24,Medium,67.3
EMP1325,35,1,2,Male,Bachelor Degree,In Relationship,Yes,Suburban,HR,Junior,Large (1001-5000),Healthcare,Good,Very Fast (100+ Mbps),40,Low,Few times per week,85.4,87.5,90.5,95,10,68,100,5,8,24-01-24,High,98
EMP1326,22,0,4,Male,Associate Degree,Married,Yes,Urban,Sales,Junior,Small (51-200),Finance,Excellent,Moderate (25-50 Mbps),40,Moderate,Weekly,74.9,68.2,62.2,95,7,30,100,6,6,11-04-24,High,73.8
EMP1327,26,0,0,Female,Bachelor Degree,In Relationship,No,Suburban,Product,Junior,Medium (201-1000),Healthcare,Good,Fast (50-100 Mbps),50,Moderate,Daily,66.8,69.1,47.2,71.7,7,61,95.7,1,5,13-02-24,High,66.3
EMP1328,33,0,5,Female,Master Degree,Married,Yes,Urban,Sales,Mid-Level,Medium (201-1000),Finance,Poor,Moderate (25-50 Mbps),42,Moderate,Few times per week,49.4,51.8,54.4,52.3,10,0,97.1,6,5,12-05-24,Medium,41.5
EMP1329,24,0,0,Male,Bachelor Degree,Married,No,Urban,Data Science,Junior,Small (51-200),Non-profit,Good,Moderate (25-50 Mbps),43,Moderate,Few times per week,46,56.1,70.5,70.1,7,33,66.1,3,7,17-02-24,Medium,51.5
EMP1330,40,10,5,Male,Bachelor Degree,Married,No,Rural,HR,Lead,Medium (201-1000),Healthcare,Poor,Slow (<25 Mbps),47,Very High,Daily,73.7,80.3,75.9,92.1,7,0,100,4,10,24-04-24,Medium,74.1
EMP1331,48,4,3,Male,Master Degree,Married,No,Urban,Data Science,Mid-Level,Small (51-200),Consulting,Average,Moderate (25-50 Mbps),38,High,Few times per week,90.8,100,72.1,95,10,20,100,10,9,25-04-24,Medium,96.7
EMP1332,45,12,3,Female,Master Degree,Single,Yes,Urban,Engineering,Lead,Medium (201-1000),Education,Good,Fast (50-100 Mbps),41,Very High,Few times per week,91.6,98.7,77.7,95,7,46,100,6,6,04-04-24,Medium,98
EMP1333,33,6,2,Female,Master Degree,In Relationship,Yes,Urban,Engineering,Mid-Level,Startup (1-50),Healthcare,Good,Moderate (25-50 Mbps),52,Moderate,Daily,90.1,100,79.3,95,4,65,100,8,4,30-03-24,High,98
EMP1334,48,7,0,Female,Bachelor Degree,Divorced,No,Urban,HR,Lead,Large (1001-5000),Healthcare,Good,Fast (50-100 Mbps),44,Moderate,Daily,97.6,100,85.8,95,8,8,100,2,9,08-04-24,Low,98
EMP1335,36,5,2,Female,Master Degree,Single,No,Suburban,Design,Senior,Small (51-200),Finance,Average,Fast (50-100 Mbps),35,High,Weekly,72.2,96.9,71.6,95,7,22,100,5,9,26-04-24,Medium,87.7
EMP1336,31,3,1,Female,Bachelor Degree,Single,No,Urban,Engineering,Mid-Level,Enterprise (5000+),Technology,Excellent,Fast (50-100 Mbps),36,Moderate,Daily,60.8,75.2,50.9,89.3,9,16,70.5,8,4,13-05-24,Medium,65
EMP1337,29,0,4,Male,Professional Degree,Married,Yes,Urban,Engineering,Junior,Large (1001-5000),Manufacturing,Poor,Fast (50-100 Mbps),47,High,Daily,68.3,77,63.1,95,3,34,100,5,9,09-02-24,High,75
EMP1338,32,5,2,Male,Bachelor Degree,Married,No,Urban,Engineering,Mid-Level,Small (51-200),Media,Good,Very Fast (100+ Mbps),35,High,Weekly,93,90.9,80.2,95,9,19,100,4,6,09-03-24,Low,91.3
EMP1339,31,4,4,Female,Master Degree,Married,Yes,Urban,Customer Success,Mid-Level,Medium (201-1000),Technology,Poor,Very Fast (100+ Mbps),39,High,Daily,98.3,100,69.3,95,9,32,100,6,1,29-01-24,High,98
EMP1340,36,4,2,Male,Associate Degree,Single,No,Urban,HR,Mid-Level,Small (51-200),Media,Good,Very Fast (100+ Mbps),43,Moderate,Few times per week,96.5,100,63.9,95,13,51,100,6,9,24-03-24,Medium,98
EMP1341,36,0,5,Female,Bachelor Degree,Married,No,Urban,Sales,Mid-Level,Large (1001-5000),Technology,Good,Very Fast (100+ Mbps),42,Moderate,Daily,74.6,69.7,68.7,86.6,6,0,100,10,2,12-02-24,High,73.6
EMP1342,35,1,3,Female,Associate Degree,Married,Yes,Urban,Engineering,Junior,Medium (201-1000),Healthcare,Good,Fast (50-100 Mbps),50,High,Weekly,74.7,85.8,76.8,95,6,53,100,5,2,06-04-24,High,79.3
EMP1343,38,7,1,Female,Bachelor Degree,Single,No,Urban,Operations,Senior,Large (1001-5000),Finance,Average,Moderate (25-50 Mbps),27,Moderate,Daily,84.7,92.7,90.2,95,8,13,100,9,10,03-02-24,Low,90
EMP1344,45,8,3,Male,Bachelor Degree,Married,Yes,Rural,Engineering,Lead,Startup (1-50),Technology,Good,Fast (50-100 Mbps),44,High,Daily,84.9,84.7,81.2,95,8,42,100,8,5,10-05-24,High,83.5
EMP1345,43,12,2,Female,Master Degree,Single,No,Rural,HR,Manager,Startup (1-50),Technology,Poor,Very Fast (100+ Mbps),40,Low,Few times per week,75.3,74.7,83.6,95,9,30,100,5,7,18-02-24,Medium,81.5
EMP1346,22,0,1,Female,Associate Degree,Single,No,Urban,Marketing,Junior,Small (51-200),Finance,Good,Moderate (25-50 Mbps),49,High,Daily,56.4,69.9,80.4,92.4,10,73,100,9,9,29-04-24,High,73.4
EMP1347,22,0,3,Female,Master Degree,Married,Yes,Urban,Finance,Junior,Startup (1-50),Technology,Poor,Moderate (25-50 Mbps),40,Low,Weekly,65.6,70.6,70.1,93.4,7,40,75.2,7,9,02-02-24,Low,70.7
EMP1348,43,5,4,Female,High School,In Relationship,No,Suburban,Customer Success,Senior,Medium (201-1000),Technology,Average,Moderate (25-50 Mbps),40,Moderate,Weekly,77.2,81.2,65.3,95,10,39,87.4,8,4,24-01-24,High,74.8
EMP1349,22,1,5,Non-binary,Bachelor Degree,Single,No,Suburban,Marketing,Junior,Startup (1-50),Technology,Average,Fast (50-100 Mbps),41,Moderate,Weekly,92,69.2,77.7,95,9,0,89.5,8,6,22-01-24,Medium,80.7
EMP1350,32,0,3,Male,Master Degree,Married,No,Rural,Sales,Junior,Large (1001-5000),Technology,Good,Very Fast (100+ Mbps),38,Moderate,Few times per week,54.1,61.3,61.2,79,2,13,52.6,3,1,05-02-24,High,61
EMP1351,24,0,5,Male,Master Degree,Single,Yes,Urban,HR,Junior,Large (1001-5000),Technology,Good,Very Fast (100+ Mbps),38,High,Weekly,60.2,66.7,50.8,89.8,4,0,100,8,3,25-04-24,High,63.1
EMP1352,22,0,5,Male,Bachelor Degree,Single,No,Suburban,Engineering,Junior,Small (51-200),Education,Average,Fast (50-100 Mbps),41,Moderate,Few times per week,69.6,62.2,52.9,91.7,14,0,74.3,6,9,23-02-24,High,74.3
EMP1353,39,9,5,Male,High School,Married,Yes,Suburban,Product,Lead,Medium (201-1000),Consulting,Good,Very Fast (100+ Mbps),51,High,Daily,98.8,93.8,79.2,95,10,0,100,6,6,31-03-24,High,98
EMP1354,41,4,3,Female,Master Degree,Married,No,Suburban,Engineering,Mid-Level,Medium (201-1000),Technology,Average,Very Fast (100+ Mbps),39,High,Daily,88.1,100,71.6,95,6,22,100,5,4,19-04-24,Medium,98
EMP1355,29,3,1,Non-binary,Bachelor Degree,Single,No,Urban,Customer Success,Mid-Level,Large (1001-5000),Technology,Average,Moderate (25-50 Mbps),37,Moderate,Weekly,66.4,70.8,45.7,74,7,43,77.9,6,7,29-04-24,High,63
EMP1356,22,1,2,Male,Bachelor Degree,In Relationship,Yes,Urban,Engineering,Junior,Medium (201-1000),Retail,Good,Fast (50-100 Mbps),39,High,Bi-weekly,80.7,92.3,84.2,95,9,23,100,2,4,27-03-24,Low,94
EMP1357,30,3,4,Male,Master Degree,Single,Yes,Urban,Engineering,Mid-Level,Startup (1-50),Technology,Good,Very Fast (100+ Mbps),42,High,Daily,75.2,96,64.1,95,12,35,100,5,10,11-05-24,High,87.2
EMP1358,38,11,3,Male,Bachelor Degree,Divorced,No,Urban,Sales,Lead,Small (51-200),Retail,Excellent,Very Fast (100+ Mbps),52,Low,Bi-weekly,100,88.1,77.3,95,12,52,90.8,6,7,20-02-24,Medium,93.2
EMP1359,22,0,1,Female,Associate Degree,Divorced,No,Suburban,Design,Junior,Medium (201-1000),Technology,Excellent,Very Fast (100+ Mbps),37,Low,Weekly,88.5,100,65.1,95,5,22,98.1,4,6,11-03-24,High,98
EMP1360,36,7,3,Male,Master Degree,Married,No,Urban,Data Science,Lead,Enterprise (5000+),Technology,Average,Very Fast (100+ Mbps),56,Moderate,Few times per week,72.2,69.5,69.9,86.9,7,14,100,7,6,30-01-24,High,68.6
EMP1361,34,6,0,Male,Master Degree,Single,Yes,Urban,Engineering,Senior,Large (1001-5000),Technology,Average,Fast (50-100 Mbps),44,Moderate,Weekly,80.2,80.8,88.4,95,13,23,100,8,9,14-03-24,High,92
EMP1362,40,8,4,Male,Associate Degree,Married,No,Suburban,Engineering,Mid-Level,Small (51-200),Technology,Excellent,Very Fast (100+ Mbps),35,Very Low,Daily,85.9,96.5,77.6,95,6,47,100,2,9,12-04-24,Low,88.7
EMP1363,36,2,0,Male,Bachelor Degree,Married,Yes,Suburban,Sales,Junior,Large (1001-5000),Manufacturing,Average,Moderate (25-50 Mbps),38,Moderate,Weekly,87.7,82.9,68,95,19,31,86.4,6,9,22-02-24,High,78.2
EMP1364,26,0,4,Female,Associate Degree,Divorced,No,Urban,Sales,Junior,Enterprise (5000+),Technology,Excellent,Moderate (25-50 Mbps),30,Low,Weekly,46.1,50.7,30,63.3,6,49,67.8,6,6,13-04-24,High,35
EMP1365,45,4,4,Male,Master Degree,Married,No,Urban,HR,Mid-Level,Startup (1-50),Non-profit,Good,Fast (50-100 Mbps),42,High,Few times per week,90.7,67.3,62.1,95,7,36,100,7,8,06-03-24,High,70.8
EMP1366,33,2,1,Male,Master Degree,Married,No,Urban,Marketing,Junior,Large (1001-5000),Finance,Excellent,Fast (50-100 Mbps),48,Moderate,Bi-weekly,88.4,75.8,63.3,93.7,9,43,81.4,7,6,14-05-24,Medium,78.6
EMP1367,34,3,3,Male,Bachelor Degree,Divorced,Yes,Urban,HR,Senior,Medium (201-1000),Media,Poor,Very Fast (100+ Mbps),42,Very High,Daily,93.9,77.2,86.8,95,4,53,100,6,7,18-02-24,Medium,88
EMP1368,26,0,4,Female,High School,In Relationship,No,Suburban,HR,Junior,Large (1001-5000),Technology,Poor,Fast (50-100 Mbps),46,Moderate,Weekly,60,72.6,62.6,93.2,9,13,79.8,5,6,19-03-24,Medium,71.2
EMP1369,31,2,2,Female,High School,Married,No,Urban,Operations,Mid-Level,Medium (201-1000),Technology,Good,Fast (50-100 Mbps),44,Moderate,Daily,76.7,85.1,66.3,93,10,0,99.7,10,7,24-03-24,High,78.5
EMP1370,27,1,1,Male,Bachelor Degree,Divorced,No,Suburban,Customer Success,Junior,Enterprise (5000+),Healthcare,Good,Fast (50-100 Mbps),49,High,Weekly,83.1,93.3,73.3,95,10,20,100,6,6,18-03-24,Medium,87.3
EMP1371,33,3,2,Male,Master Degree,Married,Yes,Urban,Engineering,Mid-Level,Small (51-200),Technology,Good,Very Fast (100+ Mbps),36,Moderate,Few times per week,72.6,64.8,90.3,88.2,8,31,85.3,5,4,11-03-24,High,71.3
EMP1372,50,13,3,Female,Associate Degree,Married,No,Rural,Engineering,Senior,Large (1001-5000),Manufacturing,Average,Very Fast (100+ Mbps),47,Low,Weekly,77.2,87,77.5,93.2,4,29,89.8,10,3,25-01-24,Low,82
EMP1373,22,1,3,Male,Bachelor Degree,Married,No,Suburban,HR,Mid-Level,Small (51-200),Finance,Excellent,Very Fast (100+ Mbps),53,Low,Few times per week,88.6,100,84.5,95,11,36,93.9,4,9,31-03-24,High,89.2
EMP1374,22,0,1,Female,Bachelor Degree,Married,Yes,Rural,Engineering,Junior,Medium (201-1000),Retail,Good,Fast (50-100 Mbps),57,Very High,Bi-weekly,93.1,85.9,84.3,95,7,42,100,4,6,20-01-24,High,89.9
EMP1375,48,3,3,Male,Bachelor Degree,Married,Yes,Urban,Engineering,Mid-Level,Enterprise (5000+),Technology,Average,Fast (50-100 Mbps),50,Moderate,Daily,99.7,92.9,92.5,95,10,32,100,9,9,07-05-24,High,98
EMP1376,33,6,2,Male,Bachelor Degree,Married,Yes,Suburban,Product,Senior,Large (1001-5000),Education,Good,Fast (50-100 Mbps),43,High,Daily,100,97.1,86.5,95,8,33,100,7,7,10-03-24,High,98
EMP1377,28,1,4,Female,Bachelor Degree,Married,Yes,Suburban,Operations,Mid-Level,Small (51-200),Education,Excellent,Fast (50-100 Mbps),36,Moderate,Daily,62,60.9,58,79.2,6,34,94.9,6,3,18-04-24,High,58.9
EMP1378,44,7,2,Female,Master Degree,Married,Yes,Suburban,Marketing,Lead,Medium (201-1000),Manufacturing,Good,Very Fast (100+ Mbps),37,High,Weekly,94,83,75.9,91.8,14,41,100,2,5,25-02-24,High,82.9
EMP1379,29,5,4,Female,PhD,Married,No,Urban,Finance,Mid-Level,Startup (1-50),Technology,Average,Moderate (25-50 Mbps),40,Very High,Few times per week,40,50,33.1,52.2,12,44,100,5,8,01-04-24,High,35
EMP1380,51,19,3,Male,PhD,Married,No,Urban,Sales,Manager,Small (51-200),Government,Poor,Fast (50-100 Mbps),53,High,Few times per week,100,89.4,94.5,95,10,33,100,5,4,16-02-24,High,86.7
EMP1381,41,11,4,Male,Bachelor Degree,Married,No,Urban,Design,Manager,Large (1001-5000),Government,Excellent,Very Fast (100+ Mbps),38,High,Weekly,99.5,100,78.6,95,11,36,100,6,1,18-01-24,High,98
EMP1382,30,4,3,Male,Master Degree,Single,Yes,Urban,Engineering,Senior,Medium (201-1000),Consulting,Good,Fast (50-100 Mbps),43,Moderate,Weekly,91.8,100,95,95,6,64,100,5,4,26-01-24,High,98
EMP1383,54,3,4,Female,PhD,Divorced,No,Suburban,Operations,Mid-Level,Medium (201-1000),Education,Good,Fast (50-100 Mbps),47,Very High,Daily,60.3,64.5,44.4,73,6,20,100,5,6,13-02-24,Medium,55.2
EMP1384,29,0,3,Female,Associate Degree,Divorced,No,Suburban,HR,Mid-Level,Large (1001-5000),Finance,Excellent,Very Fast (100+ Mbps),25,Moderate,Few times per week,84.8,83,82.7,95,12,40,100,10,4,10-04-24,Low,91
EMP1385,41,2,4,Male,High School,Married,Yes,Suburban,Marketing,Junior,Medium (201-1000),Technology,Good,Fast (50-100 Mbps),35,Very Low,Daily,56.6,72.4,53.5,74.8,6,26,87.8,9,2,01-05-24,High,65.3
EMP1386,37,5,3,Female,High School,Single,Yes,Urban,HR,Mid-Level,Startup (1-50),Government,Excellent,Moderate (25-50 Mbps),53,Moderate,Bi-weekly,98.9,100,88.3,95,9,21,100,3,8,04-05-24,High,98
EMP1387,46,12,3,Female,Bachelor Degree,In Relationship,No,Urban,Design,Senior,Medium (201-1000),Government,Good,Very Fast (100+ Mbps),48,High,Weekly,100,98.7,79.8,95,5,23,100,4,10,28-03-24,High,98
EMP1388,49,6,3,Male,Master Degree,Divorced,No,Urban,HR,Senior,Enterprise (5000+),Technology,Average,Fast (50-100 Mbps),48,Moderate,Weekly,90.2,90.7,90,95,11,36,100,9,10,30-03-24,High,90.2
EMP1389,35,10,4,Female,Bachelor Degree,Single,No,Urban,Sales,Senior,Large (1001-5000),Finance,Good,Very Fast (100+ Mbps),36,Very High,Weekly,100,94,83.1,95,7,22,100,5,9,15-05-24,Medium,98
EMP1390,28,0,4,Male,Bachelor Degree,Single,No,Suburban,Operations,Junior,Medium (201-1000),Media,Poor,Moderate (25-50 Mbps),50,High,Few times per week,100,98.1,83,95,9,0,100,6,1,17-01-24,High,91.2
EMP1391,39,4,2,Male,Bachelor Degree,Married,Yes,Urban,Product,Mid-Level,Startup (1-50),Technology,Good,Very Fast (100+ Mbps),37,Low,Few times per week,99.4,81.5,78.8,95,13,25,100,7,5,21-04-24,Medium,87.6
EMP1392,28,1,4,Non-binary,Associate Degree,Married,No,Suburban,Marketing,Junior,Medium (201-1000),Technology,Good,Very Fast (100+ Mbps),42,Very High,Few times per week,94.9,100,85,95,11,46,100,6,4,10-04-24,High,98
EMP1393,53,25,4,Male,Bachelor Degree,Single,Yes,Suburban,Finance,Lead,Large (1001-5000),Non-profit,Good,Fast (50-100 Mbps),46,Low,Daily,67.3,78.7,54.9,95,5,35,97.8,1,7,29-04-24,High,77.2
EMP1394,36,12,5,Male,High School,Married,Yes,Rural,Marketing,Senior,Small (51-200),Consulting,Excellent,Very Fast (100+ Mbps),46,Very High,Bi-weekly,100,95.7,95,95,12,0,100,8,8,18-02-24,High,98
EMP1395,31,1,4,Female,Associate Degree,Married,Yes,Urban,Engineering,Mid-Level,Medium (201-1000),Media,Average,Very Fast (100+ Mbps),44,Very High,Few times per week,70.5,67.2,55.5,91.3,5,0,100,7,7,28-03-24,High,68.2
EMP1396,36,2,4,Non-binary,Master Degree,Divorced,Yes,Suburban,Engineering,Junior,Enterprise (5000+),Technology,Average,Very Fast (100+ Mbps),40,Very High,Bi-weekly,85.9,81.8,60.8,94.2,5,14,100,2,6,20-01-24,High,78.9
EMP1397,22,1,2,Non-binary,Master Degree,Married,No,Urban,Design,Junior,Medium (201-1000),Technology,Good,Very Fast (100+ Mbps),30,Moderate,Bi-weekly,79,80.6,79.1,91.7,5,13,100,8,9,21-04-24,High,72.6
EMP1398,26,2,4,Female,Master Degree,Married,No,Urban,Operations,Junior,Small (51-200),Education,Average,Very Fast (100+ Mbps),42,High,Weekly,59.5,71.7,64.3,82.5,6,0,100,8,6,20-04-24,High,65.1
EMP1399,45,0,3,Male,Master Degree,In Relationship,No,Suburban,Engineering,Mid-Level,Medium (201-1000),Healthcare,Poor,Moderate (25-50 Mbps),28,Very High,Few times per week,90.4,94.2,77.3,95,6,24,100,5,4,06-02-24,Medium,91.2
EMP1400,29,4,5,Female,Master Degree,Married,Yes,Suburban,Customer Success,Mid-Level,Small (51-200),Technology,Excellent,Moderate (25-50 Mbps),45,Moderate,Daily,67.4,55,39.7,65.4,9,0,70.6,3,7,15-03-24,High,60.9
EMP1401,25,0,2,Female,Master Degree,Married,No,Urban,Marketing,Junior,Small (51-200),Media,Good,Fast (50-100 Mbps),36,Low,Daily,86.5,71.6,57.8,95,15,59,85.5,5,1,21-03-24,High,74.2
EMP1402,39,6,0,Male,Master Degree,Married,No,Urban,HR,Lead,Enterprise (5000+),Media,Excellent,Fast (50-100 Mbps),41,Moderate,Few times per week,100,100,82.3,95,10,15,100,8,2,07-04-24,High,98
EMP1403,45,8,0,Female,Master Degree,Single,No,Suburban,Engineering,Senior,Small (51-200),Technology,Average,Fast (50-100 Mbps),38,Very High,Daily,88,85.7,65.7,95,5,23,100,6,7,11-03-24,High,84.1
EMP1404,41,8,4,Male,Bachelor Degree,Divorced,No,Urban,Product,Senior,Small (51-200),Technology,Excellent,Very Fast (100+ Mbps),45,Very High,Daily,100,94.5,77.7,95,6,20,100,5,8,11-05-24,High,98
EMP1405,43,4,5,Male,Bachelor Degree,Single,No,Suburban,Operations,Mid-Level,Medium (201-1000),Technology,Good,Very Fast (100+ Mbps),37,Moderate,Weekly,87.8,78.2,59.3,95,5,0,100,4,4,19-02-24,High,78.3
EMP1406,28,2,0,Female,Master Degree,Single,Yes,Suburban,HR,Junior,Large (1001-5000),Healthcare,Good,Fast (50-100 Mbps),43,Moderate,Bi-weekly,68.9,75,64.8,95,7,0,94.3,5,7,07-02-24,Medium,83
EMP1407,22,0,4,Female,Bachelor Degree,Divorced,No,Suburban,Engineering,Junior,Large (1001-5000),Technology,Good,Very Fast (100+ Mbps),43,Low,Bi-weekly,73.4,75.1,59.7,80.4,10,57,88.8,10,8,29-03-24,High,65.3
EMP1408,48,7,4,Male,Bachelor Degree,Married,No,Suburban,Sales,Lead,Startup (1-50),Healthcare,Average,Fast (50-100 Mbps),42,Moderate,Daily,78.6,88.8,76.6,95,10,37,100,8,9,10-03-24,High,89.5
EMP1409,32,0,4,Male,Bachelor Degree,Married,No,Suburban,Engineering,Junior,Large (1001-5000),Healthcare,Good,Fast (50-100 Mbps),44,Very High,Bi-weekly,91.6,91.6,87,95,4,27,100,6,6,05-04-24,High,97.3
EMP1410,32,3,2,Female,Bachelor Degree,Single,No,Suburban,Design,Senior,Medium (201-1000),Media,Good,Fast (50-100 Mbps),34,High,Weekly,81.8,82.3,83.6,95,6,21,100,8,4,28-04-24,High,82.2
EMP1411,46,12,4,Male,PhD,Single,Yes,Suburban,Engineering,Lead,Medium (201-1000),Technology,Poor,Moderate (25-50 Mbps),35,Moderate,Weekly,91.5,89.6,95,95,9,5,100,5,3,17-03-24,High,98
EMP1412,40,4,0,Male,Bachelor Degree,Divorced,No,Urban,Finance,Mid-Level,Large (1001-5000),Healthcare,Good,Fast (50-100 Mbps),50,High,Daily,100,99.5,87.9,95,9,19,100,6,8,26-01-24,High,98
EMP1413,39,8,4,Female,Bachelor Degree,Married,No,Urban,Engineering,Senior,Small (51-200),Retail,Excellent,Slow (<25 Mbps),32,Very Low,Weekly,88.3,93.5,81.6,95,3,41,100,8,3,15-03-24,Medium,95.2
EMP1414,54,18,2,Female,Bachelor Degree,Married,No,Rural,Engineering,Lead,Enterprise (5000+),Education,Average,Fast (50-100 Mbps),54,High,Weekly,97,92.2,89.6,95,12,21,100,5,8,28-02-24,Low,98
EMP1415,29,1,3,Female,Master Degree,Single,Yes,Urban,Sales,Junior,Medium (201-1000),Government,Average,Very Fast (100+ Mbps),41,Moderate,Few times per week,90.7,81.3,59.5,95,10,23,58.6,8,6,07-03-24,High,80.3
EMP1416,43,11,4,Female,Bachelor Degree,Married,No,Suburban,Customer Success,Manager,Small (51-200),Education,Good,Fast (50-100 Mbps),36,High,Few times per week,90.2,100,68.7,95,9,25,100,6,6,26-02-24,High,98
EMP1417,35,3,2,Female,Master Degree,Married,Yes,Suburban,HR,Mid-Level,Medium (201-1000),Media,Excellent,Fast (50-100 Mbps),47,Very High,Weekly,85.2,94.2,89.1,95,12,101,100,6,6,25-02-24,High,98
EMP1418,37,10,1,Female,Master Degree,Divorced,No,Suburban,Design,Mid-Level,Small (51-200),Technology,Average,Fast (50-100 Mbps),38,Moderate,Bi-weekly,73.3,84.4,78.7,95,4,23,87.7,2,4,09-04-24,High,78.9
EMP1419,48,13,4,Male,Bachelor Degree,Married,No,Urban,Product,Lead,Medium (201-1000),Healthcare,Average,Fast (50-100 Mbps),44,Moderate,Bi-weekly,80.7,93.1,74.3,95,4,8,100,8,8,28-01-24,High,84
EMP1420,39,13,3,Female,Bachelor Degree,Married,Yes,Urban,Engineering,Senior,Startup (1-50),Healthcare,Average,Very Fast (100+ Mbps),49,Very High,Daily,100,96.4,95,95,6,0,100,7,5,03-05-24,High,98
EMP1421,39,9,3,Male,Bachelor Degree,Married,Yes,Urban,Customer Success,Lead,Small (51-200),Non-profit,Average,Slow (<25 Mbps),46,High,Few times per week,92.8,87.4,73.8,95,7,15,100,2,7,04-02-24,High,97.6
EMP1422,44,3,2,Male,Master Degree,Married,Yes,Urban,Marketing,Mid-Level,Large (1001-5000),Technology,Excellent,Moderate (25-50 Mbps),44,Moderate,Daily,76.6,92.5,69.6,95,12,81,93.9,6,1,26-02-24,High,91.4
EMP1423,31,7,0,Male,Master Degree,Married,No,Rural,Product,Senior,Large (1001-5000),Technology,Average,Fast (50-100 Mbps),45,Moderate,Weekly,100,98.8,84.2,95,11,46,100,7,5,07-03-24,High,98
EMP1424,27,2,3,Female,Bachelor Degree,Single,No,Suburban,Engineering,Junior,Small (51-200),Education,Excellent,Very Fast (100+ Mbps),42,High,Weekly,100,95.4,73.5,95,4,47,100,7,2,12-04-24,High,98
EMP1425,25,1,1,Male,Associate Degree,Single,No,Suburban,Customer Success,Junior,Medium (201-1000),Technology,Average,Moderate (25-50 Mbps),46,Moderate,Daily,84.3,96.2,76.4,95,7,44,89.6,3,5,18-03-24,Medium,87.3
EMP1426,22,0,5,Male,Associate Degree,In Relationship,Yes,Suburban,Engineering,Junior,Medium (201-1000),Education,Average,Very Fast (100+ Mbps),35,High,Bi-weekly,58.1,71.9,73.8,82.2,5,0,100,6,4,20-02-24,High,61.5
EMP1427,53,18,0,Female,Master Degree,Single,No,Urban,Sales,Manager,Medium (201-1000),Non-profit,Good,Very Fast (100+ Mbps),50,Moderate,Weekly,80.3,83.5,75.6,95,10,28,100,4,3,08-04-24,High,82.1
EMP1428,25,1,3,Female,High School,Single,No,Urban,Engineering,Mid-Level,Small (51-200),Government,Good,Fast (50-100 Mbps),41,Moderate,Daily,55.4,84.3,69.5,73,6,35,75.4,6,8,14-05-24,High,61.5
EMP1429,33,2,0,Female,High School,Married,Yes,Urban,Engineering,Junior,Large (1001-5000),Technology,Excellent,Fast (50-100 Mbps),43,Very High,Few times per week,80.5,87.9,72.9,86.2,12,16,100,6,6,06-03-24,High,79.5
EMP1430,32,7,1,Male,Bachelor Degree,Married,No,Suburban,Marketing,Lead,Small (51-200),Technology,Excellent,Very Fast (100+ Mbps),40,Moderate,Daily,80.4,91.8,81.2,95,11,48,72.9,2,8,28-04-24,High,90.5
EMP1431,37,8,4,Male,Master Degree,Married,Yes,Suburban,Customer Success,Lead,Enterprise (5000+),Healthcare,Good,Fast (50-100 Mbps),45,High,Few times per week,100,100,83.4,95,6,40,100,5,9,21-04-24,Medium,98
EMP1432,42,11,4,Female,Master Degree,Married,No,Suburban,HR,Senior,Medium (201-1000),Education,Average,Fast (50-100 Mbps),48,Very High,Daily,97.4,91.7,82.3,95,15,39,100,7,6,25-03-24,High,94.2
EMP1433,42,5,0,Male,Bachelor Degree,In Relationship,Yes,Suburban,Engineering,Junior,Large (1001-5000),Education,Good,Fast (50-100 Mbps),36,Moderate,Weekly,97.7,93.8,60.8,95,8,30,100,8,7,19-01-24,Medium,95.9
EMP1434,29,3,0,Female,Master Degree,Married,Yes,Rural,Engineering,Senior,Small (51-200),Retail,Excellent,Very Fast (100+ Mbps),41,High,Weekly,84.8,93.7,79.2,95,12,59,100,5,7,13-03-24,Medium,86.4
EMP1435,33,6,0,Male,Bachelor Degree,Divorced,No,Urban,Sales,Lead,Large (1001-5000),Education,Average,Very Fast (100+ Mbps),43,Moderate,Few times per week,74.1,100,83.2,95,12,12,100,5,7,26-01-24,High,88.7
EMP1436,37,6,4,Female,PhD,Single,No,Suburban,Product,Senior,Startup (1-50),Technology,Excellent,Very Fast (100+ Mbps),44,Very High,Daily,92.2,100,82.1,95,7,35,100,8,7,24-02-24,High,98
EMP1437,32,1,3,Female,Bachelor Degree,Single,Yes,Urban,Engineering,Junior,Large (1001-5000),Manufacturing,Average,Very Fast (100+ Mbps),40,Moderate,Few times per week,90.8,86,86.6,95,8,29,100,4,7,16-02-24,High,87.3
EMP1438,49,2,0,Male,Master Degree,Married,No,Suburban,Marketing,Junior,Medium (201-1000),Technology,Good,Very Fast (100+ Mbps),39,Very High,Few times per week,91.3,82.1,80.8,95,12,21,100,7,6,25-02-24,High,87.8
EMP1439,39,3,3,Female,Bachelor Degree,Single,No,Urban,Engineering,Mid-Level,Medium (201-1000),Technology,Good,Very Fast (100+ Mbps),47,High,Bi-weekly,100,99.1,75.7,95,8,8,100,5,9,29-01-24,Low,98
EMP1440,41,3,4,Male,Bachelor Degree,Single,Yes,Suburban,Marketing,Mid-Level,Small (51-200),Manufacturing,Good,Very Fast (100+ Mbps),45,Moderate,Few times per week,74.6,65.7,33.5,78.8,7,23,60,10,8,22-04-24,Medium,59.6
EMP1441,40,0,5,Male,Master Degree,Single,No,Urban,Engineering,Mid-Level,Startup (1-50),Healthcare,Average,Very Fast (100+ Mbps),43,High,Daily,91.3,92.8,63,95,10,0,100,6,5,06-03-24,High,94.8
EMP1442,45,2,5,Female,Bachelor Degree,Married,No,Urban,Engineering,Junior,Large (1001-5000),Retail,Excellent,Very Fast (100+ Mbps),49,Very Low,Few times per week,85.9,87.1,56.5,87.4,4,0,98.5,3,6,04-05-24,High,78.8
EMP1443,36,4,2,Male,Bachelor Degree,Married,No,Suburban,Engineering,Mid-Level,Medium (201-1000),Finance,Excellent,Very Fast (100+ Mbps),33,Moderate,Weekly,100,91.8,72.5,95,4,36,100,4,6,20-03-24,High,85.3
EMP1444,23,0,1,Male,Bachelor Degree,Married,Yes,Urban,Engineering,Junior,Medium (201-1000),Technology,Good,Fast (50-100 Mbps),46,High,Daily,53.7,56.4,62.9,63,7,22,100,2,2,29-04-24,High,58.4
EMP1445,38,11,2,Male,Bachelor Degree,Single,No,Urban,Engineering,Senior,Small (51-200),Finance,Average,Fast (50-100 Mbps),44,Low,Few times per week,72.3,72.9,58.9,83.7,4,9,80,7,10,15-01-24,Medium,69
EMP1446,29,2,4,Male,Bachelor Degree,Married,No,Suburban,Operations,Junior,Small (51-200),Education,Excellent,Very Fast (100+ Mbps),33,High,Weekly,83.1,90.3,67.9,95,10,37,100,5,6,08-04-24,High,89.2
EMP1447,30,0,5,Male,Bachelor Degree,Single,No,Suburban,Engineering,Mid-Level,Large (1001-5000),Technology,Average,Very Fast (100+ Mbps),48,High,Daily,94.2,84,95,93.5,6,0,100,1,8,05-05-24,High,94.1
EMP1448,40,8,3,Female,Master Degree,Married,Yes,Suburban,Engineering,Lead,Large (1001-5000),Retail,Average,Fast (50-100 Mbps),45,High,Daily,76.3,88.6,92.7,95,9,39,100,3,4,24-03-24,High,95.8
EMP1449,46,17,2,Female,Master Degree,Married,No,Suburban,Engineering,Director,Small (51-200),Manufacturing,Good,Very Fast (100+ Mbps),46,Low,Weekly,83.6,76.3,86.2,95,6,76,100,5,7,14-03-24,High,80.6
EMP1450,35,7,3,Male,Bachelor Degree,Married,Yes,Urban,Product,Senior,Medium (201-1000),Healthcare,Good,Moderate (25-50 Mbps),40,Moderate,Weekly,64.2,76.2,71.4,94.9,6,14,100,5,6,07-03-24,High,74.5
EMP1451,37,4,2,Male,Bachelor Degree,Divorced,No,Urban,Operations,Mid-Level,Large (1001-5000),Consulting,Good,Fast (50-100 Mbps),46,Moderate,Weekly,75.7,86.6,68.3,95,10,36,100,9,9,21-01-24,High,83.3
EMP1452,50,3,2,Female,Master Degree,Divorced,No,Suburban,HR,Senior,Large (1001-5000),Consulting,Good,Very Fast (100+ Mbps),37,Moderate,Few times per week,79.1,83.9,58.1,95,5,54,100,6,9,08-02-24,High,86.3
EMP1453,37,2,3,Non-binary,Associate Degree,Married,Yes,Urban,Sales,Junior,Startup (1-50),Consulting,Average,Fast (50-100 Mbps),33,Moderate,Few times per week,89.6,87,62.1,95,7,40,100,8,7,21-03-24,High,89.9
EMP1454,58,29,0,Female,Bachelor Degree,Divorced,Yes,Rural,Engineering,Director,Large (1001-5000),Education,Excellent,Fast (50-100 Mbps),41,Moderate,Few times per week,94.2,86.9,91.6,95,9,42,96.8,4,3,01-03-24,High,87.6
EMP1455,40,2,2,Female,Master Degree,Married,No,Urban,Engineering,Junior,Small (51-200),Finance,Good,Very Fast (100+ Mbps),46,High,Weekly,97,86.9,85.5,95,2,49,100,5,6,03-04-24,High,98
EMP1456,22,0,4,Female,Master Degree,Divorced,No,Suburban,Marketing,Junior,Large (1001-5000),Healthcare,Good,Very Fast (100+ Mbps),48,Very High,Few times per week,66.1,80.4,59.6,93.5,9,15,100,8,1,20-04-24,High,78.7
EMP1457,41,7,0,Male,Associate Degree,Married,Yes,Rural,Operations,Senior,Medium (201-1000),Retail,Good,Fast (50-100 Mbps),42,High,Daily,93,96.5,95,95,5,37,100,6,6,18-03-24,High,98
EMP1458,38,0,1,Male,Bachelor Degree,Married,No,Suburban,Product,Junior,Medium (201-1000),Technology,Good,Moderate (25-50 Mbps),42,Low,Daily,40.5,50,32.4,58.2,14,17,73.4,6,6,04-04-24,High,41.8
EMP1459,46,4,2,Male,Bachelor Degree,Married,No,Urban,Product,Mid-Level,Medium (201-1000),Retail,Average,Very Fast (100+ Mbps),48,Moderate,Weekly,90.7,88.7,68.6,95,8,48,94.6,6,6,11-03-24,Medium,90.8
EMP1460,41,3,5,Female,Professional Degree,Single,No,Suburban,Sales,Mid-Level,Medium (201-1000),Healthcare,Good,Very Fast (100+ Mbps),39,Moderate,Few times per week,88.6,100,87.2,95,6,0,100,6,6,21-04-24,High,98
EMP1461,33,2,4,Female,Bachelor Degree,Married,No,Suburban,Sales,Mid-Level,Medium (201-1000),Technology,Excellent,Very Fast (100+ Mbps),38,Very High,Daily,86,77.9,74.8,95,11,41,100,6,7,21-01-24,High,79.5
EMP1462,23,0,0,Female,Professional Degree,In Relationship,Yes,Suburban,Engineering,Junior,Large (1001-5000),Healthcare,Excellent,Fast (50-100 Mbps),51,High,Daily,91.3,85.6,85,95,10,104,100,7,4,10-02-24,Medium,98
EMP1463,33,1,3,Male,Bachelor Degree,Married,No,Urban,Engineering,Junior,Medium (201-1000),Technology,Good,Fast (50-100 Mbps),40,Moderate,Bi-weekly,83.9,89.6,84.2,95,12,47,81.4,3,2,18-02-24,High,91.6
EMP1464,27,0,2,Female,Bachelor Degree,Single,Yes,Suburban,Design,Junior,Startup (1-50),Technology,Good,Very Fast (100+ Mbps),47,High,Monthly,93.1,96.4,94.4,95,11,0,100,7,8,25-03-24,High,94.8
EMP1465,29,2,4,Female,Bachelor Degree,Married,Yes,Urban,Engineering,Junior,Startup (1-50),Media,Average,Fast (50-100 Mbps),50,Moderate,Daily,63.8,55.9,54.5,59.6,10,9,82,4,8,31-01-24,Medium,46.5
EMP1466,40,1,4,Female,Master Degree,Divorced,Yes,Urban,Data Science,Junior,Large (1001-5000),Healthcare,Good,Very Fast (100+ Mbps),43,High,Few times per week,100,97.4,74.2,95,13,47,100,5,7,12-05-24,Medium,98
EMP1467,50,1,5,Male,Bachelor Degree,In Relationship,No,Suburban,Marketing,Junior,Large (1001-5000),Healthcare,Average,Fast (50-100 Mbps),43,Moderate,Daily,89.7,100,77,95,7,0,100,8,8,20-02-24,High,91.3
EMP1468,38,6,3,Female,Bachelor Degree,Married,No,Urban,Marketing,Senior,Large (1001-5000),Technology,Average,Very Fast (100+ Mbps),52,Moderate,Daily,97.3,100,72.6,95,5,33,100,6,6,11-03-24,High,98
EMP1469,24,0,5,Male,Master Degree,Divorced,Yes,Suburban,Engineering,Junior,Small (51-200),Healthcare,Excellent,Fast (50-100 Mbps),34,Moderate,Few times per week,51.7,69.4,65,76.6,4,0,86.6,9,1,06-05-24,High,70.5
EMP1470,39,12,5,Female,Professional Degree,Divorced,No,Suburban,Finance,Senior,Medium (201-1000),Technology,Average,Moderate (25-50 Mbps),34,High,Daily,81.7,85.3,80.3,93.6,13,0,100,4,4,13-04-24,High,84.9
EMP1471,45,17,5,Female,Bachelor Degree,Single,No,Rural,Marketing,Manager,Small (51-200),Retail,Excellent,Fast (50-100 Mbps),46,Moderate,Weekly,89.6,92,90.4,95,15,0,100,9,6,17-03-24,High,90.6
EMP1472,29,1,3,Male,Associate Degree,Divorced,No,Suburban,Sales,Junior,Enterprise (5000+),Consulting,Good,Very Fast (100+ Mbps),39,High,Few times per week,100,100,74.1,95,5,26,100,6,8,30-01-24,High,97.8
EMP1473,33,5,3,Female,Master Degree,Married,No,Suburban,Engineering,Mid-Level,Small (51-200),Consulting,Good,Fast (50-100 Mbps),47,Low,Weekly,94.8,80.8,84.8,95,11,24,100,5,5,18-01-24,High,86.6
EMP1474,35,0,2,Male,Master Degree,Married,Yes,Urban,Engineering,Junior,Medium (201-1000),Technology,Average,Fast (50-100 Mbps),41,Moderate,Weekly,61.9,87.2,66.4,84.9,7,15,70.6,7,2,04-04-24,High,83.7
EMP1475,27,0,0,Female,Associate Degree,Married,Yes,Suburban,Marketing,Junior,Large (1001-5000),Healthcare,Good,Slow (<25 Mbps),46,High,Daily,70,67.4,45.9,85.1,7,0,100,9,6,01-04-24,High,64.7
EMP1476,40,6,2,Male,PhD,Married,No,Urban,Sales,Lead,Large (1001-5000),Manufacturing,Average,Very Fast (100+ Mbps),36,Moderate,Daily,91.4,100,71.9,95,8,16,91.5,7,3,26-04-24,Medium,98
EMP1477,33,5,4,Female,Associate Degree,Married,No,Urban,Finance,Senior,Startup (1-50),Technology,Good,Fast (50-100 Mbps),45,Moderate,Bi-weekly,80,95.9,80.9,95,5,21,100,1,7,14-02-24,Medium,93.2
EMP1478,38,1,4,Female,Master Degree,Married,Yes,Suburban,Finance,Junior,Small (51-200),Technology,Good,Very Fast (100+ Mbps),38,Moderate,Weekly,95,89.6,80.3,95,11,28,100,1,3,14-04-24,High,98
EMP1479,27,3,5,Male,Bachelor Degree,Divorced,No,Urban,Sales,Mid-Level,Medium (201-1000),Consulting,Excellent,Very Fast (100+ Mbps),46,Very High,Few times per week,97.3,95.9,94.2,95,7,0,100,3,1,04-02-24,Low,98
EMP1480,31,5,0,Female,Bachelor Degree,Divorced,No,Urban,Finance,Junior,Medium (201-1000),Manufacturing,Average,Very Fast (100+ Mbps),56,High,Daily,78.6,100,83.2,95,8,29,100,8,9,23-02-24,High,98
EMP1481,41,5,1,Male,Bachelor Degree,Married,No,Suburban,Engineering,Mid-Level,Startup (1-50),Finance,Excellent,Very Fast (100+ Mbps),37,Low,Bi-weekly,96.8,92.9,83.8,95,8,9,100,7,7,25-03-24,High,98
EMP1482,31,0,4,Male,Master Degree,Married,Yes,Urban,Finance,Mid-Level,Large (1001-5000),Technology,Good,Very Fast (100+ Mbps),39,Low,Daily,84,88.1,69.7,95,10,16,92.4,6,4,16-01-24,High,80
EMP1483,50,1,2,Female,PhD,Single,No,Urban,Engineering,Junior,Medium (201-1000),Healthcare,Good,Very Fast (100+ Mbps),41,High,Daily,80.6,90.4,92.4,95,9,37,100,7,7,25-03-24,Medium,89.7
EMP1484,31,8,1,Female,Bachelor Degree,Married,No,Urban,Engineering,Senior,Large (1001-5000),Finance,Excellent,Very Fast (100+ Mbps),43,Very High,Bi-weekly,100,100,57.2,95,7,39,100,6,5,07-03-24,High,98
EMP1485,37,0,5,Female,Bachelor Degree,Divorced,Yes,Suburban,Engineering,Junior,Small (51-200),Healthcare,Excellent,Fast (50-100 Mbps),28,High,Weekly,93.7,88.1,57.8,95,13,0,100,5,8,26-01-24,High,87.9
EMP1486,43,0,4,Female,Bachelor Degree,Single,Yes,Suburban,HR,Mid-Level,Small (51-200),Finance,Excellent,Fast (50-100 Mbps),42,High,Weekly,73.3,75.6,62,67,10,18,100,7,8,12-02-24,High,59.6
EMP1487,22,1,3,Female,Master Degree,In Relationship,No,Suburban,Engineering,Mid-Level,Large (1001-5000),Healthcare,Good,Moderate (25-50 Mbps),40,High,Daily,98.3,100,78.5,95,9,19,100,9,6,01-05-24,High,95.5
EMP1488,22,1,4,Female,PhD,Divorced,No,Urban,Engineering,Junior,Large (1001-5000),Retail,Good,Fast (50-100 Mbps),40,High,Few times per week,100,100,95,95,8,37,100,7,6,10-05-24,High,98
EMP1489,22,0,4,Female,Master Degree,Married,Yes,Suburban,Sales,Junior,Large (1001-5000),Manufacturing,Good,Moderate (25-50 Mbps),43,Moderate,Weekly,75.6,82.2,49,95,6,28,88.6,8,5,29-01-24,High,70.2
EMP1490,46,7,4,Female,Bachelor Degree,Married,Yes,Suburban,Engineering,Mid-Level,Large (1001-5000),Education,Average,Fast (50-100 Mbps),44,Very High,Weekly,100,89.8,84.7,95,14,19,100,4,2,14-03-24,High,98
EMP1491,30,1,4,Male,PhD,Married,Yes,Urban,HR,Junior,Startup (1-50),Technology,Good,Very Fast (100+ Mbps),44,Moderate,Few times per week,72,86.7,59.9,93.5,11,30,86.5,5,7,15-05-24,High,72
EMP1492,58,12,1,Male,Bachelor Degree,Married,Yes,Suburban,Operations,Senior,Small (51-200),Finance,Good,Fast (50-100 Mbps),35,Moderate,Monthly,100,90.2,94.9,95,6,0,100,6,6,30-01-24,High,94.5
EMP1493,29,4,4,Female,Bachelor Degree,Married,Yes,Suburban,Product,Mid-Level,Small (51-200),Technology,Average,Fast (50-100 Mbps),40,Moderate,Daily,98.1,96.3,93.6,95,5,20,100,6,5,06-04-24,Low,98
EMP1494,36,8,0,Female,Bachelor Degree,Divorced,No,Suburban,Engineering,Mid-Level,Enterprise (5000+),Healthcare,Good,Fast (50-100 Mbps),40,Moderate,Daily,98.5,94.8,82.8,95,9,31,100,6,7,30-04-24,High,95
EMP1495,48,2,0,Female,Bachelor Degree,Married,No,Suburban,Engineering,Mid-Level,Medium (201-1000),Non-profit,Poor,Moderate (25-50 Mbps),45,Moderate,Daily,40,50,34.4,64.7,2,34,77.6,6,6,03-02-24,High,52
EMP1496,53,5,5,Male,Master Degree,Married,No,Urban,HR,Senior,Startup (1-50),Education,Good,Fast (50-100 Mbps),36,Moderate,Weekly,89.7,84.1,58.3,89.4,9,0,71.4,8,5,18-03-24,High,78.5
EMP1497,53,9,3,Non-binary,Master Degree,Married,Yes,Suburban,Finance,Mid-Level,Small (51-200),Technology,Average,Very Fast (100+ Mbps),43,Moderate,Weekly,71.9,74.7,54.2,87.2,3,11,95.8,8,8,13-05-24,High,74.7
EMP1498,45,2,4,Male,Associate Degree,Single,Yes,Suburban,Engineering,Junior,Large (1001-5000),Technology,Average,Moderate (25-50 Mbps),51,Very High,Weekly,92.9,88.4,71.2,95,11,34,100,4,5,15-04-24,High,88.6
EMP1499,44,12,4,Female,Bachelor Degree,Single,Yes,Suburban,Operations,Senior,Large (1001-5000),Technology,Average,Fast (50-100 Mbps),26,Very High,Daily,74.2,93.9,88.6,95,10,6,100,3,6,21-02-24,Medium,92.1
EMP1500,40,4,5,Male,Bachelor Degree,Divorced,Yes,Suburban,Customer Success,Mid-Level,Enterprise (5000+),Technology,Poor,Very Fast (100+ Mbps),40,Moderate,Bi-weekly,64.1,64.8,64.9,81,12,0,100,5,7,20-03-24,Low,71.4
